url,status,final_url,error,source
https://www.mekorhabracha.org/,200,https://www.mekorhabracha.org/,,previous-http-check
https://www.mekorhabracha.org/2447,404,https://www.mekorhabracha.org/2447,,playwright.request.get
https://www.mekorhabracha.org/IE=edge,400,https://www.mekorhabracha.org/IE=edge,,playwright.request.get
https://www.mekorhabracha.org/_files/ugd/92f487_029f5b27646741478d7dc993e6614c54.pdf,200,https://e0b7a2b2-1782-4b0f-9b31-0691f453bd36.filesusr.com/ugd/92f487_029f5b27646741478d7dc993e6614c54.pdf,,previous-http-check
https://www.mekorhabracha.org/_files/ugd/92f487_07ebe47c2be44c538b46e55d6b18b359.pdf,200,https://e0b7a2b2-1782-4b0f-9b31-0691f453bd36.filesusr.com/ugd/92f487_07ebe47c2be44c538b46e55d6b18b359.pdf,,previous-http-check
https://www.mekorhabracha.org/_files/ugd/92f487_19066816f85142bb94e30b3d0ff2bb26.pdf,200,https://e0b7a2b2-1782-4b0f-9b31-0691f453bd36.filesusr.com/ugd/92f487_19066816f85142bb94e30b3d0ff2bb26.pdf,,previous-http-check
https://www.mekorhabracha.org/_files/ugd/92f487_22e91bacbdec42c8a51de6a7d9fbf543.pdf,200,https://e0b7a2b2-1782-4b0f-9b31-0691f453bd36.filesusr.com/ugd/92f487_22e91bacbdec42c8a51de6a7d9fbf543.pdf,,previous-http-check
https://www.mekorhabracha.org/_files/ugd/92f487_2e3a3bb8c89a4b71a9d969c2e63a9194.pdf,200,https://e0b7a2b2-1782-4b0f-9b31-0691f453bd36.filesusr.com/ugd/92f487_2e3a3bb8c89a4b71a9d969c2e63a9194.pdf,,previous-http-check
https://www.mekorhabracha.org/_files/ugd/92f487_32a7346134f74e52999548e74e71d62d.pdf,200,https://e0b7a2b2-1782-4b0f-9b31-0691f453bd36.filesusr.com/ugd/92f487_32a7346134f74e52999548e74e71d62d.pdf,,previous-http-check
https://www.mekorhabracha.org/_files/ugd/92f487_3cac2947e6fa4d3c97d1cdf15c1e8aff.pdf,200,https://e0b7a2b2-1782-4b0f-9b31-0691f453bd36.filesusr.com/ugd/92f487_3cac2947e6fa4d3c97d1cdf15c1e8aff.pdf,,previous-http-check
https://www.mekorhabracha.org/_files/ugd/92f487_5d2b145c7a374f899781be7397d2555c.pdf,200,https://e0b7a2b2-1782-4b0f-9b31-0691f453bd36.filesusr.com/ugd/92f487_5d2b145c7a374f899781be7397d2555c.pdf,,previous-http-check
https://www.mekorhabracha.org/_files/ugd/92f487_6256c0711f044f5086c72a471120db61.pdf,200,https://e0b7a2b2-1782-4b0f-9b31-0691f453bd36.filesusr.com/ugd/92f487_6256c0711f044f5086c72a471120db61.pdf,,previous-http-check
https://www.mekorhabracha.org/_files/ugd/92f487_649e9ef91ce343ab81f0cd94411298e2.pdf,200,https://e0b7a2b2-1782-4b0f-9b31-0691f453bd36.filesusr.com/ugd/92f487_649e9ef91ce343ab81f0cd94411298e2.pdf,,previous-http-check
https://www.mekorhabracha.org/_files/ugd/92f487_684ccb3386b143cda31c32d40cb5ad9d.pdf,200,https://e0b7a2b2-1782-4b0f-9b31-0691f453bd36.filesusr.com/ugd/92f487_684ccb3386b143cda31c32d40cb5ad9d.pdf,,previous-http-check
https://www.mekorhabracha.org/_files/ugd/92f487_7adc763c94504c369dee8f1f7bec3152.pdf,200,https://e0b7a2b2-1782-4b0f-9b31-0691f453bd36.filesusr.com/ugd/92f487_7adc763c94504c369dee8f1f7bec3152.pdf,,previous-http-check
https://www.mekorhabracha.org/_files/ugd/92f487_7d1ad51d2b304825aca6b3b42c2dbabc.pdf,200,https://e0b7a2b2-1782-4b0f-9b31-0691f453bd36.filesusr.com/ugd/92f487_7d1ad51d2b304825aca6b3b42c2dbabc.pdf,,previous-http-check
https://www.mekorhabracha.org/_files/ugd/92f487_802ba8eef01b4d7eb9dc6077d0e07b8d.pdf,200,https://e0b7a2b2-1782-4b0f-9b31-0691f453bd36.filesusr.com/ugd/92f487_802ba8eef01b4d7eb9dc6077d0e07b8d.pdf,,previous-http-check
https://www.mekorhabracha.org/_files/ugd/92f487_8ba968ae1c454c25b23c21cfc3b3205d.pdf,200,https://e0b7a2b2-1782-4b0f-9b31-0691f453bd36.filesusr.com/ugd/92f487_8ba968ae1c454c25b23c21cfc3b3205d.pdf,,previous-http-check
https://www.mekorhabracha.org/_files/ugd/92f487_8e6b3ce48a494894bda8781da89d4dba.pdf,200,https://e0b7a2b2-1782-4b0f-9b31-0691f453bd36.filesusr.com/ugd/92f487_8e6b3ce48a494894bda8781da89d4dba.pdf,,previous-http-check
https://www.mekorhabracha.org/_files/ugd/92f487_9009fa71d9cd444b902bf329e41393d5.pdf,200,https://e0b7a2b2-1782-4b0f-9b31-0691f453bd36.filesusr.com/ugd/92f487_9009fa71d9cd444b902bf329e41393d5.pdf,,previous-http-check
https://www.mekorhabracha.org/_files/ugd/92f487_91b88906884045f991abcce1b5784625.pdf,200,https://e0b7a2b2-1782-4b0f-9b31-0691f453bd36.filesusr.com/ugd/92f487_91b88906884045f991abcce1b5784625.pdf,,previous-http-check
https://www.mekorhabracha.org/_files/ugd/92f487_ae86830cb9be46d6865f3d7a3f670227.pdf,200,https://e0b7a2b2-1782-4b0f-9b31-0691f453bd36.filesusr.com/ugd/92f487_ae86830cb9be46d6865f3d7a3f670227.pdf,,previous-http-check
https://www.mekorhabracha.org/_files/ugd/92f487_b3b329efd6574d5896a34bea5f5978b2.pdf,200,https://e0b7a2b2-1782-4b0f-9b31-0691f453bd36.filesusr.com/ugd/92f487_b3b329efd6574d5896a34bea5f5978b2.pdf,,previous-http-check
https://www.mekorhabracha.org/_files/ugd/92f487_b61b524b0c414ccd94a380ae180e514f.docx?dn=mekor_pesach_at_home_services_2024.docx,200,https://e0b7a2b2-1782-4b0f-9b31-0691f453bd36.filesusr.com/ugd/92f487_b61b524b0c414ccd94a380ae180e514f.docx?dn=mekor_pesach_at_home_services_2024.docx,,previous-http-check
https://www.mekorhabracha.org/_files/ugd/92f487_bb3242f2f5014d31953bdf80df638dab.pdf,200,https://e0b7a2b2-1782-4b0f-9b31-0691f453bd36.filesusr.com/ugd/92f487_bb3242f2f5014d31953bdf80df638dab.pdf,,previous-http-check
https://www.mekorhabracha.org/_files/ugd/92f487_bf80037612a34ea7a91efe76a16f0657.pdf,200,https://e0b7a2b2-1782-4b0f-9b31-0691f453bd36.filesusr.com/ugd/92f487_bf80037612a34ea7a91efe76a16f0657.pdf,,previous-http-check
https://www.mekorhabracha.org/_files/ugd/92f487_c10e2f973aef4778bbcc641f5d20c70c.pdf,200,https://e0b7a2b2-1782-4b0f-9b31-0691f453bd36.filesusr.com/ugd/92f487_c10e2f973aef4778bbcc641f5d20c70c.pdf,,previous-http-check
https://www.mekorhabracha.org/_files/ugd/92f487_cec3fd1c5cb443c5b7f5bf130a5de4b5.pdf,200,https://e0b7a2b2-1782-4b0f-9b31-0691f453bd36.filesusr.com/ugd/92f487_cec3fd1c5cb443c5b7f5bf130a5de4b5.pdf,,previous-http-check
https://www.mekorhabracha.org/_files/ugd/92f487_cf7bf9402701480d87be7b738d8af24d.pdf,200,https://e0b7a2b2-1782-4b0f-9b31-0691f453bd36.filesusr.com/ugd/92f487_cf7bf9402701480d87be7b738d8af24d.pdf,,previous-http-check
https://www.mekorhabracha.org/_files/ugd/92f487_d73124bb583d48a6bf7cf9df0577a866.pdf,200,https://e0b7a2b2-1782-4b0f-9b31-0691f453bd36.filesusr.com/ugd/92f487_d73124bb583d48a6bf7cf9df0577a866.pdf,,previous-http-check
https://www.mekorhabracha.org/_files/ugd/92f487_e0e555d164594029bc6e823fdf553bab.pdf,200,https://e0b7a2b2-1782-4b0f-9b31-0691f453bd36.filesusr.com/ugd/92f487_e0e555d164594029bc6e823fdf553bab.pdf,,previous-http-check
https://www.mekorhabracha.org/_files/ugd/92f487_e78520be4c7541ff87261250e96bd464.pdf,200,https://e0b7a2b2-1782-4b0f-9b31-0691f453bd36.filesusr.com/ugd/92f487_e78520be4c7541ff87261250e96bd464.pdf,,previous-http-check
https://www.mekorhabracha.org/_files/ugd/92f487_eeb8885c1b164f69bedd7e6a39fc1d68.pdf,200,https://e0b7a2b2-1782-4b0f-9b31-0691f453bd36.filesusr.com/ugd/92f487_eeb8885c1b164f69bedd7e6a39fc1d68.pdf,,previous-http-check
https://www.mekorhabracha.org/_files/ugd/92f487_f14fd1b9d4c64370a84ccaf01d666050.pdf,200,https://e0b7a2b2-1782-4b0f-9b31-0691f453bd36.filesusr.com/ugd/92f487_f14fd1b9d4c64370a84ccaf01d666050.pdf,,previous-http-check
https://www.mekorhabracha.org/_files/ugd/92f487_f35dcab2ce1d42079b9d33eb330edc7a.pdf,200,https://e0b7a2b2-1782-4b0f-9b31-0691f453bd36.filesusr.com/ugd/92f487_f35dcab2ce1d42079b9d33eb330edc7a.pdf,,previous-http-check
https://www.mekorhabracha.org/about-5,200,https://www.mekorhabracha.org/about-5,,previous-http-check
https://www.mekorhabracha.org/about-us,200,https://www.mekorhabracha.org/about-us,,previous-http-check
https://www.mekorhabracha.org/alumni-auxiliary-membership.html,400,https://www.mekorhabracha.org/alumni-auxiliary-membership.html,,playwright.request.get
https://www.mekorhabracha.org/auxiliary-membership,200,https://www.mekorhabracha.org/auxiliary-membership,,previous-http-check
https://www.mekorhabracha.org/blog-feed.xml,200,https://www.mekorhabracha.org/blog-feed.xml,,previous-http-check
https://www.mekorhabracha.org/bug,404,https://www.mekorhabracha.org/bug,,playwright.request.get
https://www.mekorhabracha.org/center-city,200,https://www.mekorhabracha.org/center-city,,previous-http-check
https://www.mekorhabracha.org/center-city-beit-midrash,200,https://www.mekorhabracha.org/center-city-beit-midrash,,previous-http-check
https://www.mekorhabracha.org/center-city-south-philly-er,200,https://www.mekorhabracha.org/center-city-south-philly-er,,previous-http-check
https://www.mekorhabracha.org/centercity-southphillyeruvupdate-old,200,https://www.mekorhabracha.org/centercity-southphillyeruvupdate-old,,previous-http-check
https://www.mekorhabracha.org/cherry-hill,200,https://www.mekorhabracha.org/cherry-hill,,previous-http-check
https://www.mekorhabracha.org/contact-us,200,https://www.mekorhabracha.org/contact-us,,previous-http-check
https://www.mekorhabracha.org/copy-of-center-city-beit-midrash,200,https://www.mekorhabracha.org/copy-of-center-city-beit-midrash,,previous-http-check
https://www.mekorhabracha.org/copy-of-pesach-at-mekor,200,https://www.mekorhabracha.org/copy-of-pesach-at-mekor,,previous-http-check
https://www.mekorhabracha.org/davening,200,https://www.mekorhabracha.org/davening,,previous-http-check
https://www.mekorhabracha.org/donation-thank-you-page,200,https://www.mekorhabracha.org/donation-thank-you-page,,previous-http-check
https://www.mekorhabracha.org/donations,200,https://www.mekorhabracha.org/donations,,previous-http-check
https://www.mekorhabracha.org/e0b7a2b2-1782-4b0f-9b31-0691f453bd36,404,https://www.mekorhabracha.org/e0b7a2b2-1782-4b0f-9b31-0691f453bd36,,playwright.request.get
https://www.mekorhabracha.org/e1e8124f-530b-4ebb-aad4-a37696ce66af,404,https://www.mekorhabracha.org/e1e8124f-530b-4ebb-aad4-a37696ce66af,,playwright.request.get
https://www.mekorhabracha.org/events,200,https://www.mekorhabracha.org/events,,previous-http-check
https://www.mekorhabracha.org/events-1/1008,200,https://www.mekorhabracha.org/events-1/1008,,playwright.request.get
https://www.mekorhabracha.org/events-1/1024,200,https://www.mekorhabracha.org/events-1/1024,,playwright.request.get
https://www.mekorhabracha.org/events-1/1236,200,https://www.mekorhabracha.org/events-1/1236,,playwright.request.get
https://www.mekorhabracha.org/events-1/1600,200,https://www.mekorhabracha.org/events-1/1600,,playwright.request.get
https://www.mekorhabracha.org/events-1/2447,200,https://www.mekorhabracha.org/events-1/2447,,playwright.request.get
https://www.mekorhabracha.org/events-1/768,200,https://www.mekorhabracha.org/events-1/768,,playwright.request.get
https://www.mekorhabracha.org/events-1/IE=edge,200,https://www.mekorhabracha.org/events-1/IE=edge,,playwright.request.get
https://www.mekorhabracha.org/events-1/bug,200,https://www.mekorhabracha.org/events-1/bug,,playwright.request.get
https://www.mekorhabracha.org/events-1/e0b7a2b2-1782-4b0f-9b31-0691f453bd36,200,https://www.mekorhabracha.org/events-1/e0b7a2b2-1782-4b0f-9b31-0691f453bd36,,playwright.request.get
https://www.mekorhabracha.org/events-1/e1e8124f-530b-4ebb-aad4-a37696ce66af,200,https://www.mekorhabracha.org/events-1/e1e8124f-530b-4ebb-aad4-a37696ce66af,,playwright.request.get
https://www.mekorhabracha.org/events-1/index,200,https://www.mekorhabracha.org/events-1/index,,playwright.request.get
https://www.mekorhabracha.org/events-1/mekor-pesach-seders,200,https://www.mekorhabracha.org/events-1/mekor-pesach-seders,,previous-http-check
https://www.mekorhabracha.org/events-1/mekor-shabbat-with-the-sachers,200,https://www.mekorhabracha.org/events-1/mekor-shabbat-with-the-sachers,,previous-http-check
https://www.mekorhabracha.org/events-1/mekor-shabbat-with-the-sachers-1,200,https://www.mekorhabracha.org/events-1/mekor-shabbat-with-the-sachers-1,,previous-http-check
https://www.mekorhabracha.org/events-1/mekor-shabbat-with-the-sachers-2,200,https://www.mekorhabracha.org/events-1/mekor-shabbat-with-the-sachers-2,,previous-http-check
https://www.mekorhabracha.org/events-1/mekors-tot-shabbat,200,https://www.mekorhabracha.org/events-1/mekors-tot-shabbat,,previous-http-check
https://www.mekorhabracha.org/events-1/pesach-at-mekor,200,https://www.mekorhabracha.org/events-1/pesach-at-mekor,,previous-http-check
https://www.mekorhabracha.org/events-1/purim-at-mekor,200,https://www.mekorhabracha.org/events-1/purim-at-mekor,,previous-http-check
https://www.mekorhabracha.org/events-1/scholar-in-residence-shabbat-with-rabbi-aaron-goldscheider,200,https://www.mekorhabracha.org/events-1/scholar-in-residence-shabbat-with-rabbi-aaron-goldscheider,,previous-http-check
https://www.mekorhabracha.org/events-1/shabbat-dinner-and-conversation-with-moshe-shamah,200,https://www.mekorhabracha.org/events-1/shabbat-dinner-and-conversation-with-moshe-shamah,,previous-http-check
https://www.mekorhabracha.org/events-1/shabbat-shuva-dinner-kumzitz,200,https://www.mekorhabracha.org/events-1/shabbat-shuva-dinner-kumzitz,,previous-http-check
https://www.mekorhabracha.org/events-1/skype_toolbar_parser_compatible,200,https://www.mekorhabracha.org/events-1/skype_toolbar_parser_compatible,,playwright.request.get
https://www.mekorhabracha.org/events-1/special-discussion-with-mark-trencher-of-nishma-research,200,https://www.mekorhabracha.org/events-1/special-discussion-with-mark-trencher-of-nishma-research,,previous-http-check
https://www.mekorhabracha.org/events-1/summary_large_image,200,https://www.mekorhabracha.org/events-1/summary_large_image,,playwright.request.get
https://www.mekorhabracha.org/events-1/telephone=no,200,https://www.mekorhabracha.org/events-1/telephone=no,,playwright.request.get
https://www.mekorhabracha.org/events-1/website,200,https://www.mekorhabracha.org/events-1/website,,playwright.request.get
https://www.mekorhabracha.org/events-page,200,https://www.mekorhabracha.org/events-page,,previous-http-check
https://www.mekorhabracha.org/from-the-rabbi-s-desk,200,https://www.mekorhabracha.org/from-the-rabbi-s-desk,,previous-http-check
https://www.mekorhabracha.org/from-the-rabbis-desk.html,400,https://www.mekorhabracha.org/from-the-rabbis-desk.html,,playwright.request.get
https://www.mekorhabracha.org/general-5,200,https://www.mekorhabracha.org/general-5,,previous-http-check
https://www.mekorhabracha.org/in-the-news,200,https://www.mekorhabracha.org/in-the-news,,previous-http-check
https://www.mekorhabracha.org/israel,200,https://www.mekorhabracha.org/israel,,previous-http-check
https://www.mekorhabracha.org/kiddush,200,https://www.mekorhabracha.org/kiddush,,previous-http-check
https://www.mekorhabracha.org/kosher-map,200,https://www.mekorhabracha.org/kosher-map,,previous-http-check
https://www.mekorhabracha.org/kosher-posts,200,https://www.mekorhabracha.org/kosher-posts,,previous-http-check
https://www.mekorhabracha.org/kosher-posts/categories/2447,404,https://www.mekorhabracha.org/kosher-posts/categories/2447,,playwright.request.get
https://www.mekorhabracha.org/kosher-posts/categories/IE=edge,404,https://www.mekorhabracha.org/kosher-posts/categories/IE=edge,,playwright.request.get
https://www.mekorhabracha.org/kosher-posts/categories/bug,404,https://www.mekorhabracha.org/kosher-posts/categories/bug,,playwright.request.get
https://www.mekorhabracha.org/kosher-posts/categories/center-city,200,https://www.mekorhabracha.org/kosher-posts/categories/center-city,,previous-http-check
https://www.mekorhabracha.org/kosher-posts/categories/center-city/page/2,200,https://www.mekorhabracha.org/kosher-posts/categories/center-city/page/2,,previous-http-check
https://www.mekorhabracha.org/kosher-posts/categories/center-city/page/2447,404,https://www.mekorhabracha.org/kosher-posts/categories/center-city/page/2447,,playwright.request.get
https://www.mekorhabracha.org/kosher-posts/categories/center-city/page/IE=edge,404,https://www.mekorhabracha.org/kosher-posts/categories/center-city/page/IE=edge,,playwright.request.get
https://www.mekorhabracha.org/kosher-posts/categories/center-city/page/bug,404,https://www.mekorhabracha.org/kosher-posts/categories/center-city/page/bug,,playwright.request.get
https://www.mekorhabracha.org/kosher-posts/categories/center-city/page/e0b7a2b2-1782-4b0f-9b31-0691f453bd36,404,https://www.mekorhabracha.org/kosher-posts/categories/center-city/page/e0b7a2b2-1782-4b0f-9b31-0691f453bd36,,playwright.request.get
https://www.mekorhabracha.org/kosher-posts/categories/center-city/page/e1e8124f-530b-4ebb-aad4-a37696ce66af,404,https://www.mekorhabracha.org/kosher-posts/categories/center-city/page/e1e8124f-530b-4ebb-aad4-a37696ce66af,,playwright.request.get
https://www.mekorhabracha.org/kosher-posts/categories/center-city/page/index,404,https://www.mekorhabracha.org/kosher-posts/categories/center-city/page/index,,playwright.request.get
https://www.mekorhabracha.org/kosher-posts/categories/center-city/page/skype_toolbar_parser_compatible,404,https://www.mekorhabracha.org/kosher-posts/categories/center-city/page/skype_toolbar_parser_compatible,,playwright.request.get
https://www.mekorhabracha.org/kosher-posts/categories/center-city/page/summary_large_image,404,https://www.mekorhabracha.org/kosher-posts/categories/center-city/page/summary_large_image,,playwright.request.get
https://www.mekorhabracha.org/kosher-posts/categories/center-city/page/telephone=no,404,https://www.mekorhabracha.org/kosher-posts/categories/center-city/page/telephone=no,,playwright.request.get
https://www.mekorhabracha.org/kosher-posts/categories/center-city/page/website,404,https://www.mekorhabracha.org/kosher-posts/categories/center-city/page/website,,playwright.request.get
https://www.mekorhabracha.org/kosher-posts/categories/cherry-hill,200,https://www.mekorhabracha.org/kosher-posts/categories/cherry-hill,,playwright.request.get
https://www.mekorhabracha.org/kosher-posts/categories/e0b7a2b2-1782-4b0f-9b31-0691f453bd36,404,https://www.mekorhabracha.org/kosher-posts/categories/e0b7a2b2-1782-4b0f-9b31-0691f453bd36,,playwright.request.get
https://www.mekorhabracha.org/kosher-posts/categories/e1e8124f-530b-4ebb-aad4-a37696ce66af,404,https://www.mekorhabracha.org/kosher-posts/categories/e1e8124f-530b-4ebb-aad4-a37696ce66af,,playwright.request.get
https://www.mekorhabracha.org/kosher-posts/categories/index,404,https://www.mekorhabracha.org/kosher-posts/categories/index,,playwright.request.get
https://www.mekorhabracha.org/kosher-posts/categories/main-line-manyunk,200,https://www.mekorhabracha.org/kosher-posts/categories/main-line-manyunk,,playwright.request.get
https://www.mekorhabracha.org/kosher-posts/categories/main-line-manyunk/page/2,200,https://www.mekorhabracha.org/kosher-posts/categories/main-line-manyunk/page/2,,playwright.request.get
https://www.mekorhabracha.org/kosher-posts/categories/main-line-manyunk/page/2447,404,https://www.mekorhabracha.org/kosher-posts/categories/main-line-manyunk/page/2447,,playwright.request.get
https://www.mekorhabracha.org/kosher-posts/categories/main-line-manyunk/page/IE=edge,404,https://www.mekorhabracha.org/kosher-posts/categories/main-line-manyunk/page/IE=edge,,playwright.request.get
https://www.mekorhabracha.org/kosher-posts/categories/main-line-manyunk/page/bug,404,https://www.mekorhabracha.org/kosher-posts/categories/main-line-manyunk/page/bug,,playwright.request.get
https://www.mekorhabracha.org/kosher-posts/categories/main-line-manyunk/page/e0b7a2b2-1782-4b0f-9b31-0691f453bd36,404,https://www.mekorhabracha.org/kosher-posts/categories/main-line-manyunk/page/e0b7a2b2-1782-4b0f-9b31-0691f453bd36,,playwright.request.get
https://www.mekorhabracha.org/kosher-posts/categories/main-line-manyunk/page/e1e8124f-530b-4ebb-aad4-a37696ce66af,404,https://www.mekorhabracha.org/kosher-posts/categories/main-line-manyunk/page/e1e8124f-530b-4ebb-aad4-a37696ce66af,,playwright.request.get
https://www.mekorhabracha.org/kosher-posts/categories/main-line-manyunk/page/index,404,https://www.mekorhabracha.org/kosher-posts/categories/main-line-manyunk/page/index,,playwright.request.get
https://www.mekorhabracha.org/kosher-posts/categories/main-line-manyunk/page/skype_toolbar_parser_compatible,404,https://www.mekorhabracha.org/kosher-posts/categories/main-line-manyunk/page/skype_toolbar_parser_compatible,,playwright.request.get
https://www.mekorhabracha.org/kosher-posts/categories/main-line-manyunk/page/summary_large_image,404,https://www.mekorhabracha.org/kosher-posts/categories/main-line-manyunk/page/summary_large_image,,playwright.request.get
https://www.mekorhabracha.org/kosher-posts/categories/main-line-manyunk/page/telephone=no,404,https://www.mekorhabracha.org/kosher-posts/categories/main-line-manyunk/page/telephone=no,,playwright.request.get
https://www.mekorhabracha.org/kosher-posts/categories/main-line-manyunk/page/website,404,https://www.mekorhabracha.org/kosher-posts/categories/main-line-manyunk/page/website,,playwright.request.get
https://www.mekorhabracha.org/kosher-posts/categories/old-york-road-northeast,200,https://www.mekorhabracha.org/kosher-posts/categories/old-york-road-northeast,,playwright.request.get
https://www.mekorhabracha.org/kosher-posts/categories/skype_toolbar_parser_compatible,404,https://www.mekorhabracha.org/kosher-posts/categories/skype_toolbar_parser_compatible,,playwright.request.get
https://www.mekorhabracha.org/kosher-posts/categories/summary_large_image,404,https://www.mekorhabracha.org/kosher-posts/categories/summary_large_image,,playwright.request.get
https://www.mekorhabracha.org/kosher-posts/categories/telephone=no,404,https://www.mekorhabracha.org/kosher-posts/categories/telephone=no,,playwright.request.get
https://www.mekorhabracha.org/kosher-posts/categories/website,404,https://www.mekorhabracha.org/kosher-posts/categories/website,,playwright.request.get
https://www.mekorhabracha.org/kosher-posts/hashtags/1,404,https://www.mekorhabracha.org/kosher-posts/hashtags/1,,playwright.request.get
https://www.mekorhabracha.org/kosher-posts/hashtags/4,404,https://www.mekorhabracha.org/kosher-posts/hashtags/4,,playwright.request.get
https://www.mekorhabracha.org/kosher-posts/page/2,200,https://www.mekorhabracha.org/kosher-posts/page/2,,playwright.request.get
https://www.mekorhabracha.org/kosher-posts/page/2447,400,https://www.mekorhabracha.org/kosher-posts/page/2447,,playwright.request.get
https://www.mekorhabracha.org/kosher-posts/page/3,200,https://www.mekorhabracha.org/kosher-posts/page/3,,previous-http-check
https://www.mekorhabracha.org/kosher-posts/page/4,200,https://www.mekorhabracha.org/kosher-posts/page/4,,playwright.request.get
https://www.mekorhabracha.org/kosher-posts/page/5,200,https://www.mekorhabracha.org/kosher-posts/page/5,,playwright.request.get
https://www.mekorhabracha.org/kosher-posts/page/6,200,https://www.mekorhabracha.org/kosher-posts/page/6,,playwright.request.get
https://www.mekorhabracha.org/kosher-posts/page/IE=edge,200,https://www.mekorhabracha.org/kosher-posts/page/IE=edge,,playwright.request.get
https://www.mekorhabracha.org/kosher-posts/page/bug,200,https://www.mekorhabracha.org/kosher-posts/page/bug,,playwright.request.get
https://www.mekorhabracha.org/kosher-posts/page/e0b7a2b2-1782-4b0f-9b31-0691f453bd36,200,https://www.mekorhabracha.org/kosher-posts/page/e0b7a2b2-1782-4b0f-9b31-0691f453bd36,,playwright.request.get
https://www.mekorhabracha.org/kosher-posts/page/e1e8124f-530b-4ebb-aad4-a37696ce66af,200,https://www.mekorhabracha.org/kosher-posts/page/e1e8124f-530b-4ebb-aad4-a37696ce66af,,playwright.request.get
https://www.mekorhabracha.org/kosher-posts/page/skype_toolbar_parser_compatible,200,https://www.mekorhabracha.org/kosher-posts/page/skype_toolbar_parser_compatible,,playwright.request.get
https://www.mekorhabracha.org/kosher-posts/page/summary_large_image,200,https://www.mekorhabracha.org/kosher-posts/page/summary_large_image,,playwright.request.get
https://www.mekorhabracha.org/kosher-posts/page/telephone=no,200,https://www.mekorhabracha.org/kosher-posts/page/telephone=no,,playwright.request.get
https://www.mekorhabracha.org/kosher-posts/page/website,200,https://www.mekorhabracha.org/kosher-posts/page/website,,playwright.request.get
https://www.mekorhabracha.org/kosher-posts/search/.hash.4,200,https://www.mekorhabracha.org/kosher-posts/search/.hash.4,,playwright.request.get
https://www.mekorhabracha.org/kosher-posts/search/2447,200,https://www.mekorhabracha.org/kosher-posts/search/2447,,playwright.request.get
https://www.mekorhabracha.org/kosher-posts/search/IE=edge,200,https://www.mekorhabracha.org/kosher-posts/search/IE=edge,,playwright.request.get
https://www.mekorhabracha.org/kosher-posts/search/bug,200,https://www.mekorhabracha.org/kosher-posts/search/bug,,playwright.request.get
https://www.mekorhabracha.org/kosher-posts/search/e0b7a2b2-1782-4b0f-9b31-0691f453bd36,200,https://www.mekorhabracha.org/kosher-posts/search/e0b7a2b2-1782-4b0f-9b31-0691f453bd36,,playwright.request.get
https://www.mekorhabracha.org/kosher-posts/search/e1e8124f-530b-4ebb-aad4-a37696ce66af,200,https://www.mekorhabracha.org/kosher-posts/search/e1e8124f-530b-4ebb-aad4-a37696ce66af,,playwright.request.get
https://www.mekorhabracha.org/kosher-posts/search/noindex,200,https://www.mekorhabracha.org/kosher-posts/search/noindex,,playwright.request.get
https://www.mekorhabracha.org/kosher-posts/search/skype_toolbar_parser_compatible,200,https://www.mekorhabracha.org/kosher-posts/search/skype_toolbar_parser_compatible,,playwright.request.get
https://www.mekorhabracha.org/kosher-posts/search/summary_large_image,200,https://www.mekorhabracha.org/kosher-posts/search/summary_large_image,,playwright.request.get
https://www.mekorhabracha.org/kosher-posts/search/telephone=no,200,https://www.mekorhabracha.org/kosher-posts/search/telephone=no,,playwright.request.get
https://www.mekorhabracha.org/kosher-posts/search/website,200,https://www.mekorhabracha.org/kosher-posts/search/website,,playwright.request.get
https://www.mekorhabracha.org/kosher-posts/tags/2447,404,https://www.mekorhabracha.org/kosher-posts/tags/2447,,playwright.request.get
https://www.mekorhabracha.org/kosher-posts/tags/IE=edge,404,https://www.mekorhabracha.org/kosher-posts/tags/IE=edge,,playwright.request.get
https://www.mekorhabracha.org/kosher-posts/tags/bakery,200,https://www.mekorhabracha.org/kosher-posts/tags/bakery,,playwright.request.get
https://www.mekorhabracha.org/kosher-posts/tags/bakery/page/2,200,https://www.mekorhabracha.org/kosher-posts/tags/bakery/page/2,,playwright.request.get
https://www.mekorhabracha.org/kosher-posts/tags/bakery/page/2447,404,https://www.mekorhabracha.org/kosher-posts/tags/bakery/page/2447,,playwright.request.get
https://www.mekorhabracha.org/kosher-posts/tags/bakery/page/IE=edge,404,https://www.mekorhabracha.org/kosher-posts/tags/bakery/page/IE=edge,,playwright.request.get
https://www.mekorhabracha.org/kosher-posts/tags/bakery/page/bug,404,https://www.mekorhabracha.org/kosher-posts/tags/bakery/page/bug,,playwright.request.get
https://www.mekorhabracha.org/kosher-posts/tags/bakery/page/e0b7a2b2-1782-4b0f-9b31-0691f453bd36,404,https://www.mekorhabracha.org/kosher-posts/tags/bakery/page/e0b7a2b2-1782-4b0f-9b31-0691f453bd36,,playwright.request.get
https://www.mekorhabracha.org/kosher-posts/tags/bakery/page/e1e8124f-530b-4ebb-aad4-a37696ce66af,404,https://www.mekorhabracha.org/kosher-posts/tags/bakery/page/e1e8124f-530b-4ebb-aad4-a37696ce66af,,playwright.request.get
https://www.mekorhabracha.org/kosher-posts/tags/bakery/page/noindex,404,https://www.mekorhabracha.org/kosher-posts/tags/bakery/page/noindex,,playwright.request.get
https://www.mekorhabracha.org/kosher-posts/tags/bakery/page/skype_toolbar_parser_compatible,404,https://www.mekorhabracha.org/kosher-posts/tags/bakery/page/skype_toolbar_parser_compatible,,playwright.request.get
https://www.mekorhabracha.org/kosher-posts/tags/bakery/page/summary_large_image,404,https://www.mekorhabracha.org/kosher-posts/tags/bakery/page/summary_large_image,,playwright.request.get
https://www.mekorhabracha.org/kosher-posts/tags/bakery/page/telephone=no,404,https://www.mekorhabracha.org/kosher-posts/tags/bakery/page/telephone=no,,playwright.request.get
https://www.mekorhabracha.org/kosher-posts/tags/bakery/page/website,404,https://www.mekorhabracha.org/kosher-posts/tags/bakery/page/website,,playwright.request.get
https://www.mekorhabracha.org/kosher-posts/tags/bug,404,https://www.mekorhabracha.org/kosher-posts/tags/bug,,playwright.request.get
https://www.mekorhabracha.org/kosher-posts/tags/cafe,200,https://www.mekorhabracha.org/kosher-posts/tags/cafe,,playwright.request.get
https://www.mekorhabracha.org/kosher-posts/tags/e0b7a2b2-1782-4b0f-9b31-0691f453bd36,404,https://www.mekorhabracha.org/kosher-posts/tags/e0b7a2b2-1782-4b0f-9b31-0691f453bd36,,playwright.request.get
https://www.mekorhabracha.org/kosher-posts/tags/e1e8124f-530b-4ebb-aad4-a37696ce66af,404,https://www.mekorhabracha.org/kosher-posts/tags/e1e8124f-530b-4ebb-aad4-a37696ce66af,,playwright.request.get
https://www.mekorhabracha.org/kosher-posts/tags/ice-cream,200,https://www.mekorhabracha.org/kosher-posts/tags/ice-cream,,playwright.request.get
https://www.mekorhabracha.org/kosher-posts/tags/noindex,404,https://www.mekorhabracha.org/kosher-posts/tags/noindex,,playwright.request.get
https://www.mekorhabracha.org/kosher-posts/tags/restaurants,200,https://www.mekorhabracha.org/kosher-posts/tags/restaurants,,previous-http-check
https://www.mekorhabracha.org/kosher-posts/tags/restaurants/page/2,200,https://www.mekorhabracha.org/kosher-posts/tags/restaurants/page/2,,playwright.request.get
https://www.mekorhabracha.org/kosher-posts/tags/restaurants/page/2447,404,https://www.mekorhabracha.org/kosher-posts/tags/restaurants/page/2447,,playwright.request.get
https://www.mekorhabracha.org/kosher-posts/tags/restaurants/page/3,200,https://www.mekorhabracha.org/kosher-posts/tags/restaurants/page/3,,playwright.request.get
https://www.mekorhabracha.org/kosher-posts/tags/restaurants/page/IE=edge,404,https://www.mekorhabracha.org/kosher-posts/tags/restaurants/page/IE=edge,,playwright.request.get
https://www.mekorhabracha.org/kosher-posts/tags/restaurants/page/bug,404,https://www.mekorhabracha.org/kosher-posts/tags/restaurants/page/bug,,playwright.request.get
https://www.mekorhabracha.org/kosher-posts/tags/restaurants/page/e0b7a2b2-1782-4b0f-9b31-0691f453bd36,404,https://www.mekorhabracha.org/kosher-posts/tags/restaurants/page/e0b7a2b2-1782-4b0f-9b31-0691f453bd36,,playwright.request.get
https://www.mekorhabracha.org/kosher-posts/tags/restaurants/page/e1e8124f-530b-4ebb-aad4-a37696ce66af,404,https://www.mekorhabracha.org/kosher-posts/tags/restaurants/page/e1e8124f-530b-4ebb-aad4-a37696ce66af,,playwright.request.get
https://www.mekorhabracha.org/kosher-posts/tags/restaurants/page/noindex,404,https://www.mekorhabracha.org/kosher-posts/tags/restaurants/page/noindex,,playwright.request.get
https://www.mekorhabracha.org/kosher-posts/tags/restaurants/page/skype_toolbar_parser_compatible,404,https://www.mekorhabracha.org/kosher-posts/tags/restaurants/page/skype_toolbar_parser_compatible,,playwright.request.get
https://www.mekorhabracha.org/kosher-posts/tags/restaurants/page/summary_large_image,404,https://www.mekorhabracha.org/kosher-posts/tags/restaurants/page/summary_large_image,,playwright.request.get
https://www.mekorhabracha.org/kosher-posts/tags/restaurants/page/telephone=no,404,https://www.mekorhabracha.org/kosher-posts/tags/restaurants/page/telephone=no,,playwright.request.get
https://www.mekorhabracha.org/kosher-posts/tags/restaurants/page/website,404,https://www.mekorhabracha.org/kosher-posts/tags/restaurants/page/website,,playwright.request.get
https://www.mekorhabracha.org/kosher-posts/tags/skype_toolbar_parser_compatible,404,https://www.mekorhabracha.org/kosher-posts/tags/skype_toolbar_parser_compatible,,playwright.request.get
https://www.mekorhabracha.org/kosher-posts/tags/summary_large_image,404,https://www.mekorhabracha.org/kosher-posts/tags/summary_large_image,,playwright.request.get
https://www.mekorhabracha.org/kosher-posts/tags/telephone=no,404,https://www.mekorhabracha.org/kosher-posts/tags/telephone=no,,playwright.request.get
https://www.mekorhabracha.org/kosher-posts/tags/website,404,https://www.mekorhabracha.org/kosher-posts/tags/website,,playwright.request.get
https://www.mekorhabracha.org/letterfromisrael,200,https://www.mekorhabracha.org/letterfromisrael,,playwright.request.get
https://www.mekorhabracha.org/main-line-manyunk,200,https://www.mekorhabracha.org/main-line-manyunk,,previous-http-check
https://www.mekorhabracha.org/mekor-bulletin-board,200,https://www.mekorhabracha.org/mekor-bulletin-board,,previous-http-check
https://www.mekorhabracha.org/mekorcouples,200,https://www.mekorhabracha.org/mekorcouples,,previous-http-check
https://www.mekorhabracha.org/membership,200,https://www.mekorhabracha.org/membership,,playwright.request.get
https://www.mekorhabracha.org/membership-old,200,https://www.mekorhabracha.org/membership-old,,previous-http-check
https://www.mekorhabracha.org/news/0;url=https:/www.mekorhabracha.org/news/ie%3Dedge,404,https://www.mekorhabracha.org/news/0;url=https:/www.mekorhabracha.org/news/ie%3Dedge,,playwright.request.get
https://www.mekorhabracha.org/news/2447,404,https://www.mekorhabracha.org/news/2447,,playwright.request.get
https://www.mekorhabracha.org/news/IE=edge,200,https://www.mekorhabracha.org/news/IE=edge,,playwright.request.get
https://www.mekorhabracha.org/news/a-night-of-megillah-and-music-at-mekor-habracha,200,https://www.mekorhabracha.org/news/a-night-of-megillah-and-music-at-mekor-habracha,,previous-http-check
https://www.mekorhabracha.org/news/activists-prepare-for-climate-march,200,https://www.mekorhabracha.org/news/activists-prepare-for-climate-march,,previous-http-check
https://www.mekorhabracha.org/news/american-rabbis-brush-off-being-named-on-chief-rabbinate%E2%80%99s-%E2%80%98blacklist%E2%80%99,200,https://www.mekorhabracha.org/news/american-rabbis-brush-off-being-named-on-chief-rabbinate%E2%80%99s-%E2%80%98blacklist%E2%80%99,,previous-http-check
https://www.mekorhabracha.org/news/annual-jewish-heritage-night-fills-phillies-game,200,https://www.mekorhabracha.org/news/annual-jewish-heritage-night-fills-phillies-game,,previous-http-check
https://www.mekorhabracha.org/news/back-to-jewish-day-school,200,https://www.mekorhabracha.org/news/back-to-jewish-day-school,,previous-http-check
https://www.mekorhabracha.org/news/bug,404,https://www.mekorhabracha.org/news/bug,,playwright.request.get
https://www.mekorhabracha.org/news/calling-attention-to-plight-of-chained-women,200,https://www.mekorhabracha.org/news/calling-attention-to-plight-of-chained-women,,previous-http-check
https://www.mekorhabracha.org/news/creating-modern-orthodox-community,200,https://www.mekorhabracha.org/news/creating-modern-orthodox-community,,previous-http-check
https://www.mekorhabracha.org/news/crockpot-crapshoot,200,https://www.mekorhabracha.org/news/crockpot-crapshoot,,previous-http-check
https://www.mekorhabracha.org/news/e0b7a2b2-1782-4b0f-9b31-0691f453bd36,404,https://www.mekorhabracha.org/news/e0b7a2b2-1782-4b0f-9b31-0691f453bd36,,playwright.request.get
https://www.mekorhabracha.org/news/e1e8124f-530b-4ebb-aad4-a37696ce66af,404,https://www.mekorhabracha.org/news/e1e8124f-530b-4ebb-aad4-a37696ce66af,,playwright.request.get
https://www.mekorhabracha.org/news/etz-chaim-and-minyan-outgrowth-decide-to-go-their-separate-ways,200,https://www.mekorhabracha.org/news/etz-chaim-and-minyan-outgrowth-decide-to-go-their-separate-ways,,playwright.request.get
https://www.mekorhabracha.org/news/federation-chosen-for-prestigious-leadership-program,200,https://www.mekorhabracha.org/news/federation-chosen-for-prestigious-leadership-program,,playwright.request.get
https://www.mekorhabracha.org/news/first-ever-hava-nagrilla-barbecue-contest-attracts-thousands,200,https://www.mekorhabracha.org/news/first-ever-hava-nagrilla-barbecue-contest-attracts-thousands,,previous-http-check
https://www.mekorhabracha.org/news/focusing-on-kids-makes-sense-but-what-about-singles,200,https://www.mekorhabracha.org/news/focusing-on-kids-makes-sense-but-what-about-singles,,playwright.request.get
https://www.mekorhabracha.org/news/graduate-level-matchmaking,200,https://www.mekorhabracha.org/news/graduate-level-matchmaking,,previous-http-check
https://www.mekorhabracha.org/news/ie%3Dedge,404,https://www.mekorhabracha.org/news/ie%3Dedge,,playwright.request.get
https://www.mekorhabracha.org/news/its-all-about-location-when-it-comes-to-eruvin,200,https://www.mekorhabracha.org/news/its-all-about-location-when-it-comes-to-eruvin,,playwright.request.get
https://www.mekorhabracha.org/news/jewish-weddings-are-blending-connubiality-with-individuality,200,https://www.mekorhabracha.org/news/jewish-weddings-are-blending-connubiality-with-individuality,,playwright.request.get
https://www.mekorhabracha.org/news/keeping-jewish-heritage-alive-in-center-city,200,https://www.mekorhabracha.org/news/keeping-jewish-heritage-alive-in-center-city,,previous-http-check
https://www.mekorhabracha.org/news/leavens-fate-what-to-do-with-your-chametz,200,https://www.mekorhabracha.org/news/leavens-fate-what-to-do-with-your-chametz,,previous-http-check
https://www.mekorhabracha.org/news/local-rabbis-in-it-for-the-long-run,200,https://www.mekorhabracha.org/news/local-rabbis-in-it-for-the-long-run,,playwright.request.get
https://www.mekorhabracha.org/news/locals-react-to-us-abstention-from-un-vote,200,https://www.mekorhabracha.org/news/locals-react-to-us-abstention-from-un-vote,,previous-http-check
https://www.mekorhabracha.org/news/making-carrying-shabbat-friendly,200,https://www.mekorhabracha.org/news/making-carrying-shabbat-friendly,,previous-http-check
https://www.mekorhabracha.org/news/marriage-equality-supporters-applaud-state-bill,200,https://www.mekorhabracha.org/news/marriage-equality-supporters-applaud-state-bill,,previous-http-check
https://www.mekorhabracha.org/news/mekor-habracha-scholar-in-residence-shabbaton-with-rabbi-saul-berman,200,https://www.mekorhabracha.org/news/mekor-habracha-scholar-in-residence-shabbaton-with-rabbi-saul-berman,,playwright.request.get
https://www.mekorhabracha.org/news/moshav-band-and-moments-of-wrong-ready-to-rock-union-transfer,200,https://www.mekorhabracha.org/news/moshav-band-and-moments-of-wrong-ready-to-rock-union-transfer,,playwright.request.get
https://www.mekorhabracha.org/news/moshav-band-presents-mekor-habracha-benefit-concert,200,https://www.mekorhabracha.org/news/moshav-band-presents-mekor-habracha-benefit-concert,,playwright.request.get
https://www.mekorhabracha.org/news/music-bonfire-light-up-kensington-for-lag-bomer,200,https://www.mekorhabracha.org/news/music-bonfire-light-up-kensington-for-lag-bomer,,playwright.request.get
https://www.mekorhabracha.org/news/philadelphia-jews-celebrate-lag-bomer-with-bonfire-and-music-fest,200,https://www.mekorhabracha.org/news/philadelphia-jews-celebrate-lag-bomer-with-bonfire-and-music-fest,,playwright.request.get
https://www.mekorhabracha.org/news/purim-stressing-gods-role-in-evil-of-world,200,https://www.mekorhabracha.org/news/purim-stressing-gods-role-in-evil-of-world,,playwright.request.get
https://www.mekorhabracha.org/news/rabbiscanrun,200,https://www.mekorhabracha.org/news/rabbiscanrun,,playwright.request.get
https://www.mekorhabracha.org/news/ring-in-5773,200,https://www.mekorhabracha.org/news/ring-in-5773,,playwright.request.get
https://www.mekorhabracha.org/news/skype_toolbar_parser_compatible,404,https://www.mekorhabracha.org/news/skype_toolbar_parser_compatible,,playwright.request.get
https://www.mekorhabracha.org/news/speaking-their-minds-rabbis-address-israel-at-the-high-holidays,200,https://www.mekorhabracha.org/news/speaking-their-minds-rabbis-address-israel-at-the-high-holidays,,playwright.request.get
https://www.mekorhabracha.org/news/summary_large_image,404,https://www.mekorhabracha.org/news/summary_large_image,,playwright.request.get
https://www.mekorhabracha.org/news/telephone=no,404,https://www.mekorhabracha.org/news/telephone=no,,playwright.request.get
https://www.mekorhabracha.org/news/understanding-yom-kippurs-focus-on-atonement-and-forgiveness,200,https://www.mekorhabracha.org/news/understanding-yom-kippurs-focus-on-atonement-and-forgiveness,,playwright.request.get
https://www.mekorhabracha.org/news/us-rabbis-sign-letter-opposing-nuclear-agreement,200,https://www.mekorhabracha.org/news/us-rabbis-sign-letter-opposing-nuclear-agreement,,previous-http-check
https://www.mekorhabracha.org/news/waxman-and-snyder-to-challenge-sims-for-the-182nd-district,200,https://www.mekorhabracha.org/news/waxman-and-snyder-to-challenge-sims-for-the-182nd-district,,previous-http-check
https://www.mekorhabracha.org/news/website,404,https://www.mekorhabracha.org/news/website,,playwright.request.get
https://www.mekorhabracha.org/news/what-message-are-we-sending-to-mourners,200,https://www.mekorhabracha.org/news/what-message-are-we-sending-to-mourners,,playwright.request.get
https://www.mekorhabracha.org/news/why-i-cook-for-strangers,200,https://www.mekorhabracha.org/news/why-i-cook-for-strangers,,previous-http-check
https://www.mekorhabracha.org/noindex,404,https://www.mekorhabracha.org/noindex,,playwright.request.get
https://www.mekorhabracha.org/old-kosher-restaurants,200,https://www.mekorhabracha.org/old-kosher-restaurants,,previous-http-check
https://www.mekorhabracha.org/old-yorkroad-northeast,200,https://www.mekorhabracha.org/old-yorkroad-northeast,,previous-http-check
https://www.mekorhabracha.org/our-communities,200,https://www.mekorhabracha.org/our-communities,,previous-http-check
https://www.mekorhabracha.org/our-leadership,200,https://www.mekorhabracha.org/our-leadership,,previous-http-check
https://www.mekorhabracha.org/our-rabbi,200,https://www.mekorhabracha.org/our-rabbi,,previous-http-check
https://www.mekorhabracha.org/our-rabbis.html,400,https://www.mekorhabracha.org/our-rabbis.html,,playwright.request.get
https://www.mekorhabracha.org/philly-jewish-community,200,https://www.mekorhabracha.org/philly-jewish-community,,playwright.request.get
https://www.mekorhabracha.org/post/1073,404,https://www.mekorhabracha.org/post/1073,,playwright.request.get
https://www.mekorhabracha.org/post/1080,404,https://www.mekorhabracha.org/post/1080,,playwright.request.get
https://www.mekorhabracha.org/post/1088,404,https://www.mekorhabracha.org/post/1088,,playwright.request.get
https://www.mekorhabracha.org/post/1196,404,https://www.mekorhabracha.org/post/1196,,playwright.request.get
https://www.mekorhabracha.org/post/1280,404,https://www.mekorhabracha.org/post/1280,,playwright.request.get
https://www.mekorhabracha.org/post/1360,404,https://www.mekorhabracha.org/post/1360,,playwright.request.get
https://www.mekorhabracha.org/post/138,404,https://www.mekorhabracha.org/post/138,,playwright.request.get
https://www.mekorhabracha.org/post/1440,404,https://www.mekorhabracha.org/post/1440,,playwright.request.get
https://www.mekorhabracha.org/post/202,404,https://www.mekorhabracha.org/post/202,,playwright.request.get
https://www.mekorhabracha.org/post/2025-01-24T17:54:35.461Z,404,https://www.mekorhabracha.org/post/2025-01-24T17:54:35.461Z,,playwright.request.get
https://www.mekorhabracha.org/post/2025-01-24T17:59:08.945Z,404,https://www.mekorhabracha.org/post/2025-01-24T17:59:08.945Z,,playwright.request.get
https://www.mekorhabracha.org/post/2025-01-24T18:08:09.824Z,404,https://www.mekorhabracha.org/post/2025-01-24T18:08:09.824Z,,playwright.request.get
https://www.mekorhabracha.org/post/2025-01-24T18:13:29.688Z,404,https://www.mekorhabracha.org/post/2025-01-24T18:13:29.688Z,,playwright.request.get
https://www.mekorhabracha.org/post/2025-01-24T18:16:33.767Z,404,https://www.mekorhabracha.org/post/2025-01-24T18:16:33.767Z,,playwright.request.get
https://www.mekorhabracha.org/post/2025-01-26T13:41:31.775Z,404,https://www.mekorhabracha.org/post/2025-01-26T13:41:31.775Z,,playwright.request.get
https://www.mekorhabracha.org/post/2025-01-27T13:42:23.994Z,404,https://www.mekorhabracha.org/post/2025-01-27T13:42:23.994Z,,playwright.request.get
https://www.mekorhabracha.org/post/2025-01-27T13:45:51.589Z,404,https://www.mekorhabracha.org/post/2025-01-27T13:45:51.589Z,,playwright.request.get
https://www.mekorhabracha.org/post/2025-01-27T13:51:57.580Z,404,https://www.mekorhabracha.org/post/2025-01-27T13:51:57.580Z,,playwright.request.get
https://www.mekorhabracha.org/post/2025-01-27T14:11:22.608Z,404,https://www.mekorhabracha.org/post/2025-01-27T14:11:22.608Z,,playwright.request.get
https://www.mekorhabracha.org/post/2025-01-27T14:22:42.178Z,404,https://www.mekorhabracha.org/post/2025-01-27T14:22:42.178Z,,playwright.request.get
https://www.mekorhabracha.org/post/2025-01-27T14:27:42.464Z,404,https://www.mekorhabracha.org/post/2025-01-27T14:27:42.464Z,,playwright.request.get
https://www.mekorhabracha.org/post/2025-01-27T14:31:14.588Z,404,https://www.mekorhabracha.org/post/2025-01-27T14:31:14.588Z,,playwright.request.get
https://www.mekorhabracha.org/post/2025-01-27T14:46:34.303Z,404,https://www.mekorhabracha.org/post/2025-01-27T14:46:34.303Z,,playwright.request.get
https://www.mekorhabracha.org/post/2025-01-27T15:31:56.598Z,404,https://www.mekorhabracha.org/post/2025-01-27T15:31:56.598Z,,playwright.request.get
https://www.mekorhabracha.org/post/2025-01-27T15:43:11.672Z,404,https://www.mekorhabracha.org/post/2025-01-27T15:43:11.672Z,,playwright.request.get
https://www.mekorhabracha.org/post/2025-01-27T15:46:43.182Z,404,https://www.mekorhabracha.org/post/2025-01-27T15:46:43.182Z,,playwright.request.get
https://www.mekorhabracha.org/post/2025-01-27T15:51:26.638Z,404,https://www.mekorhabracha.org/post/2025-01-27T15:51:26.638Z,,playwright.request.get
https://www.mekorhabracha.org/post/2025-01-27T15:55:08.552Z,404,https://www.mekorhabracha.org/post/2025-01-27T15:55:08.552Z,,playwright.request.get
https://www.mekorhabracha.org/post/2025-01-27T16:10:37.901Z,404,https://www.mekorhabracha.org/post/2025-01-27T16:10:37.901Z,,playwright.request.get
https://www.mekorhabracha.org/post/2025-01-27T16:15:09.193Z,404,https://www.mekorhabracha.org/post/2025-01-27T16:15:09.193Z,,playwright.request.get
https://www.mekorhabracha.org/post/2025-01-27T16:20:02.965Z,404,https://www.mekorhabracha.org/post/2025-01-27T16:20:02.965Z,,playwright.request.get
https://www.mekorhabracha.org/post/2025-01-27T16:23:28.557Z,404,https://www.mekorhabracha.org/post/2025-01-27T16:23:28.557Z,,playwright.request.get
https://www.mekorhabracha.org/post/2025-01-27T16:29:46.379Z,404,https://www.mekorhabracha.org/post/2025-01-27T16:29:46.379Z,,playwright.request.get
https://www.mekorhabracha.org/post/2025-01-27T16:35:34.414Z,404,https://www.mekorhabracha.org/post/2025-01-27T16:35:34.414Z,,playwright.request.get
https://www.mekorhabracha.org/post/2025-01-27T16:41:33.461Z,404,https://www.mekorhabracha.org/post/2025-01-27T16:41:33.461Z,,playwright.request.get
https://www.mekorhabracha.org/post/2025-01-27T16:50:29.468Z,404,https://www.mekorhabracha.org/post/2025-01-27T16:50:29.468Z,,playwright.request.get
https://www.mekorhabracha.org/post/2025-01-27T16:54:03.918Z,404,https://www.mekorhabracha.org/post/2025-01-27T16:54:03.918Z,,playwright.request.get
https://www.mekorhabracha.org/post/2025-01-27T16:57:48.764Z,404,https://www.mekorhabracha.org/post/2025-01-27T16:57:48.764Z,,playwright.request.get
https://www.mekorhabracha.org/post/2025-01-27T17:01:28.047Z,404,https://www.mekorhabracha.org/post/2025-01-27T17:01:28.047Z,,playwright.request.get
https://www.mekorhabracha.org/post/2025-01-27T17:04:18.561Z,404,https://www.mekorhabracha.org/post/2025-01-27T17:04:18.561Z,,playwright.request.get
https://www.mekorhabracha.org/post/2025-01-27T17:12:12.493Z,404,https://www.mekorhabracha.org/post/2025-01-27T17:12:12.493Z,,playwright.request.get
https://www.mekorhabracha.org/post/2025-01-27T17:17:41.918Z,404,https://www.mekorhabracha.org/post/2025-01-27T17:17:41.918Z,,playwright.request.get
https://www.mekorhabracha.org/post/2025-01-27T17:20:11.501Z,404,https://www.mekorhabracha.org/post/2025-01-27T17:20:11.501Z,,playwright.request.get
https://www.mekorhabracha.org/post/2025-01-27T17:24:36.228Z,404,https://www.mekorhabracha.org/post/2025-01-27T17:24:36.228Z,,playwright.request.get
https://www.mekorhabracha.org/post/2025-01-27T19:18:50.656Z,404,https://www.mekorhabracha.org/post/2025-01-27T19:18:50.656Z,,playwright.request.get
https://www.mekorhabracha.org/post/2025-01-27T19:21:48.150Z,404,https://www.mekorhabracha.org/post/2025-01-27T19:21:48.150Z,,playwright.request.get
https://www.mekorhabracha.org/post/2025-01-27T19:27:29.148Z,404,https://www.mekorhabracha.org/post/2025-01-27T19:27:29.148Z,,playwright.request.get
https://www.mekorhabracha.org/post/2025-01-27T19:33:04.795Z,404,https://www.mekorhabracha.org/post/2025-01-27T19:33:04.795Z,,playwright.request.get
https://www.mekorhabracha.org/post/2025-01-27T19:35:46.964Z,404,https://www.mekorhabracha.org/post/2025-01-27T19:35:46.964Z,,playwright.request.get
https://www.mekorhabracha.org/post/2025-01-27T19:38:16.888Z,404,https://www.mekorhabracha.org/post/2025-01-27T19:38:16.888Z,,playwright.request.get
https://www.mekorhabracha.org/post/2025-01-27T19:41:56.375Z,404,https://www.mekorhabracha.org/post/2025-01-27T19:41:56.375Z,,playwright.request.get
https://www.mekorhabracha.org/post/2025-01-27T19:47:31.145Z,404,https://www.mekorhabracha.org/post/2025-01-27T19:47:31.145Z,,playwright.request.get
https://www.mekorhabracha.org/post/2025-01-27T19:52:45.353Z,404,https://www.mekorhabracha.org/post/2025-01-27T19:52:45.353Z,,playwright.request.get
https://www.mekorhabracha.org/post/2025-01-27T19:56:22.543Z,404,https://www.mekorhabracha.org/post/2025-01-27T19:56:22.543Z,,playwright.request.get
https://www.mekorhabracha.org/post/2025-01-27T19:58:33.255Z,404,https://www.mekorhabracha.org/post/2025-01-27T19:58:33.255Z,,playwright.request.get
https://www.mekorhabracha.org/post/2025-01-27T20:01:15.155Z,404,https://www.mekorhabracha.org/post/2025-01-27T20:01:15.155Z,,playwright.request.get
https://www.mekorhabracha.org/post/2025-01-27T20:11:15.470Z,404,https://www.mekorhabracha.org/post/2025-01-27T20:11:15.470Z,,playwright.request.get
https://www.mekorhabracha.org/post/2025-01-27T20:15:11.854Z,404,https://www.mekorhabracha.org/post/2025-01-27T20:15:11.854Z,,playwright.request.get
https://www.mekorhabracha.org/post/2025-01-27T20:18:35.632Z,404,https://www.mekorhabracha.org/post/2025-01-27T20:18:35.632Z,,playwright.request.get
https://www.mekorhabracha.org/post/2025-01-27T20:21:39.247Z,404,https://www.mekorhabracha.org/post/2025-01-27T20:21:39.247Z,,playwright.request.get
https://www.mekorhabracha.org/post/2025-01-27T20:24:41.023Z,404,https://www.mekorhabracha.org/post/2025-01-27T20:24:41.023Z,,playwright.request.get
https://www.mekorhabracha.org/post/2025-01-27T21:10:17.447Z,404,https://www.mekorhabracha.org/post/2025-01-27T21:10:17.447Z,,playwright.request.get
https://www.mekorhabracha.org/post/2025-01-27T21:13:52.573Z,404,https://www.mekorhabracha.org/post/2025-01-27T21:13:52.573Z,,playwright.request.get
https://www.mekorhabracha.org/post/2025-01-27T21:16:41.858Z,404,https://www.mekorhabracha.org/post/2025-01-27T21:16:41.858Z,,playwright.request.get
https://www.mekorhabracha.org/post/2025-01-27T21:17:37.240Z,404,https://www.mekorhabracha.org/post/2025-01-27T21:17:37.240Z,,playwright.request.get
https://www.mekorhabracha.org/post/2025-01-27T21:20:43.864Z,404,https://www.mekorhabracha.org/post/2025-01-27T21:20:43.864Z,,playwright.request.get
https://www.mekorhabracha.org/post/2025-01-27T21:23:31.250Z,404,https://www.mekorhabracha.org/post/2025-01-27T21:23:31.250Z,,playwright.request.get
https://www.mekorhabracha.org/post/2025-01-27T21:26:34.729Z,404,https://www.mekorhabracha.org/post/2025-01-27T21:26:34.729Z,,playwright.request.get
https://www.mekorhabracha.org/post/2025-01-27T21:29:35.996Z,404,https://www.mekorhabracha.org/post/2025-01-27T21:29:35.996Z,,playwright.request.get
https://www.mekorhabracha.org/post/2025-01-27T21:32:39.138Z,404,https://www.mekorhabracha.org/post/2025-01-27T21:32:39.138Z,,playwright.request.get
https://www.mekorhabracha.org/post/2025-01-27T21:35:36.916Z,404,https://www.mekorhabracha.org/post/2025-01-27T21:35:36.916Z,,playwright.request.get
https://www.mekorhabracha.org/post/2025-01-27T21:41:59.484Z,404,https://www.mekorhabracha.org/post/2025-01-27T21:41:59.484Z,,playwright.request.get
https://www.mekorhabracha.org/post/2025-01-27T21:44:44.257Z,404,https://www.mekorhabracha.org/post/2025-01-27T21:44:44.257Z,,playwright.request.get
https://www.mekorhabracha.org/post/2025-01-27T21:50:34.277Z,404,https://www.mekorhabracha.org/post/2025-01-27T21:50:34.277Z,,playwright.request.get
https://www.mekorhabracha.org/post/2025-01-27T21:55:01.440Z,404,https://www.mekorhabracha.org/post/2025-01-27T21:55:01.440Z,,playwright.request.get
https://www.mekorhabracha.org/post/2025-01-27T21:56:02.501Z,404,https://www.mekorhabracha.org/post/2025-01-27T21:56:02.501Z,,playwright.request.get
https://www.mekorhabracha.org/post/2025-01-27T22:02:00.092Z,404,https://www.mekorhabracha.org/post/2025-01-27T22:02:00.092Z,,playwright.request.get
https://www.mekorhabracha.org/post/2025-01-27T22:05:05.408Z,404,https://www.mekorhabracha.org/post/2025-01-27T22:05:05.408Z,,playwright.request.get
https://www.mekorhabracha.org/post/2025-01-27T22:07:42.256Z,404,https://www.mekorhabracha.org/post/2025-01-27T22:07:42.256Z,,playwright.request.get
https://www.mekorhabracha.org/post/2025-01-27T22:09:51.407Z,404,https://www.mekorhabracha.org/post/2025-01-27T22:09:51.407Z,,playwright.request.get
https://www.mekorhabracha.org/post/2025-01-28T12:24:53.233Z,404,https://www.mekorhabracha.org/post/2025-01-28T12:24:53.233Z,,playwright.request.get
https://www.mekorhabracha.org/post/2025-01-28T12:32:21.594Z,404,https://www.mekorhabracha.org/post/2025-01-28T12:32:21.594Z,,playwright.request.get
https://www.mekorhabracha.org/post/2025-01-28T13:00:41.873Z,404,https://www.mekorhabracha.org/post/2025-01-28T13:00:41.873Z,,playwright.request.get
https://www.mekorhabracha.org/post/2025-01-28T13:03:04.761Z,404,https://www.mekorhabracha.org/post/2025-01-28T13:03:04.761Z,,playwright.request.get
https://www.mekorhabracha.org/post/2025-01-28T13:03:26.268Z,404,https://www.mekorhabracha.org/post/2025-01-28T13:03:26.268Z,,playwright.request.get
https://www.mekorhabracha.org/post/2025-01-28T13:22:23.660Z,404,https://www.mekorhabracha.org/post/2025-01-28T13:22:23.660Z,,playwright.request.get
https://www.mekorhabracha.org/post/2025-02-12T17:40:49.096Z,404,https://www.mekorhabracha.org/post/2025-02-12T17:40:49.096Z,,playwright.request.get
https://www.mekorhabracha.org/post/2025-02-12T17:41:32.496Z,404,https://www.mekorhabracha.org/post/2025-02-12T17:41:32.496Z,,playwright.request.get
https://www.mekorhabracha.org/post/2025-03-30T16:04:53.633Z,404,https://www.mekorhabracha.org/post/2025-03-30T16:04:53.633Z,,playwright.request.get
https://www.mekorhabracha.org/post/2025-03-30T18:40:25.116Z,404,https://www.mekorhabracha.org/post/2025-03-30T18:40:25.116Z,,playwright.request.get
https://www.mekorhabracha.org/post/2025-03-30T18:46:02.209Z,404,https://www.mekorhabracha.org/post/2025-03-30T18:46:02.209Z,,playwright.request.get
https://www.mekorhabracha.org/post/2025-03-30T18:53:23.952Z,404,https://www.mekorhabracha.org/post/2025-03-30T18:53:23.952Z,,playwright.request.get
https://www.mekorhabracha.org/post/2025-03-30T18:59:10.970Z,404,https://www.mekorhabracha.org/post/2025-03-30T18:59:10.970Z,,playwright.request.get
https://www.mekorhabracha.org/post/2025-03-30T19:01:37.069Z,404,https://www.mekorhabracha.org/post/2025-03-30T19:01:37.069Z,,playwright.request.get
https://www.mekorhabracha.org/post/2025-03-30T19:04:53.140Z,404,https://www.mekorhabracha.org/post/2025-03-30T19:04:53.140Z,,playwright.request.get
https://www.mekorhabracha.org/post/2025-03-30T19:15:44.088Z,404,https://www.mekorhabracha.org/post/2025-03-30T19:15:44.088Z,,playwright.request.get
https://www.mekorhabracha.org/post/2025-04-08T13:25:15.541Z,404,https://www.mekorhabracha.org/post/2025-04-08T13:25:15.541Z,,playwright.request.get
https://www.mekorhabracha.org/post/2025-04-08T13:43:37.260Z,404,https://www.mekorhabracha.org/post/2025-04-08T13:43:37.260Z,,playwright.request.get
https://www.mekorhabracha.org/post/2025-04-08T13:44:22.747Z,404,https://www.mekorhabracha.org/post/2025-04-08T13:44:22.747Z,,playwright.request.get
https://www.mekorhabracha.org/post/2025-04-08T13:45:17.136Z,404,https://www.mekorhabracha.org/post/2025-04-08T13:45:17.136Z,,playwright.request.get
https://www.mekorhabracha.org/post/2025-04-08T13:47:50.343Z,404,https://www.mekorhabracha.org/post/2025-04-08T13:47:50.343Z,,playwright.request.get
https://www.mekorhabracha.org/post/2025-04-08T13:59:16.315Z,404,https://www.mekorhabracha.org/post/2025-04-08T13:59:16.315Z,,playwright.request.get
https://www.mekorhabracha.org/post/2025-04-08T14:06:36.652Z,404,https://www.mekorhabracha.org/post/2025-04-08T14:06:36.652Z,,playwright.request.get
https://www.mekorhabracha.org/post/2025-04-08T14:10:00.193Z,404,https://www.mekorhabracha.org/post/2025-04-08T14:10:00.193Z,,playwright.request.get
https://www.mekorhabracha.org/post/2025-04-08T14:23:21.405Z,404,https://www.mekorhabracha.org/post/2025-04-08T14:23:21.405Z,,playwright.request.get
https://www.mekorhabracha.org/post/2025-04-08T14:30:40.092Z,404,https://www.mekorhabracha.org/post/2025-04-08T14:30:40.092Z,,playwright.request.get
https://www.mekorhabracha.org/post/2025-04-08T15:07:12.144Z,404,https://www.mekorhabracha.org/post/2025-04-08T15:07:12.144Z,,playwright.request.get
https://www.mekorhabracha.org/post/2025-04-08T16:40:46.129Z,404,https://www.mekorhabracha.org/post/2025-04-08T16:40:46.129Z,,playwright.request.get
https://www.mekorhabracha.org/post/2025-04-08T16:52:48.006Z,404,https://www.mekorhabracha.org/post/2025-04-08T16:52:48.006Z,,playwright.request.get
https://www.mekorhabracha.org/post/2025-04-08T17:35:39.184Z,404,https://www.mekorhabracha.org/post/2025-04-08T17:35:39.184Z,,playwright.request.get
https://www.mekorhabracha.org/post/2025-04-08T17:37:46.725Z,404,https://www.mekorhabracha.org/post/2025-04-08T17:37:46.725Z,,playwright.request.get
https://www.mekorhabracha.org/post/2025-04-08T17:53:32.537Z,404,https://www.mekorhabracha.org/post/2025-04-08T17:53:32.537Z,,playwright.request.get
https://www.mekorhabracha.org/post/2025-04-10T05:14:08.186Z,404,https://www.mekorhabracha.org/post/2025-04-10T05:14:08.186Z,,playwright.request.get
https://www.mekorhabracha.org/post/2025-04-10T05:16:47.320Z,404,https://www.mekorhabracha.org/post/2025-04-10T05:16:47.320Z,,playwright.request.get
https://www.mekorhabracha.org/post/2025-04-24T23:48:38.696Z,404,https://www.mekorhabracha.org/post/2025-04-24T23:48:38.696Z,,playwright.request.get
https://www.mekorhabracha.org/post/2025-05-13T10:29:48.010Z,404,https://www.mekorhabracha.org/post/2025-05-13T10:29:48.010Z,,playwright.request.get
https://www.mekorhabracha.org/post/2025-05-19T13:11:23.966Z,404,https://www.mekorhabracha.org/post/2025-05-19T13:11:23.966Z,,playwright.request.get
https://www.mekorhabracha.org/post/2025-05-27T09:06:46.667Z,404,https://www.mekorhabracha.org/post/2025-05-27T09:06:46.667Z,,playwright.request.get
https://www.mekorhabracha.org/post/2025-05-27T17:24:33.071Z,404,https://www.mekorhabracha.org/post/2025-05-27T17:24:33.071Z,,playwright.request.get
https://www.mekorhabracha.org/post/2025-05-28T08:13:25.130Z,404,https://www.mekorhabracha.org/post/2025-05-28T08:13:25.130Z,,playwright.request.get
https://www.mekorhabracha.org/post/2025-05-29T17:44:21.485Z,404,https://www.mekorhabracha.org/post/2025-05-29T17:44:21.485Z,,playwright.request.get
https://www.mekorhabracha.org/post/2025-05-29T18:00:38.119Z,404,https://www.mekorhabracha.org/post/2025-05-29T18:00:38.119Z,,playwright.request.get
https://www.mekorhabracha.org/post/2025-05-29T18:01:14.829Z,404,https://www.mekorhabracha.org/post/2025-05-29T18:01:14.829Z,,playwright.request.get
https://www.mekorhabracha.org/post/2025-05-29T18:15:44.977Z,404,https://www.mekorhabracha.org/post/2025-05-29T18:15:44.977Z,,playwright.request.get
https://www.mekorhabracha.org/post/2025-05-29T18:16:35.935Z,404,https://www.mekorhabracha.org/post/2025-05-29T18:16:35.935Z,,playwright.request.get
https://www.mekorhabracha.org/post/2025-05-29T18:22:00.709Z,404,https://www.mekorhabracha.org/post/2025-05-29T18:22:00.709Z,,playwright.request.get
https://www.mekorhabracha.org/post/2025-05-29T18:29:01.446Z,404,https://www.mekorhabracha.org/post/2025-05-29T18:29:01.446Z,,playwright.request.get
https://www.mekorhabracha.org/post/2025-05-31T19:30:35.751Z,404,https://www.mekorhabracha.org/post/2025-05-31T19:30:35.751Z,,playwright.request.get
https://www.mekorhabracha.org/post/2025-05-31T19:31:26.824Z,404,https://www.mekorhabracha.org/post/2025-05-31T19:31:26.824Z,,playwright.request.get
https://www.mekorhabracha.org/post/2025-05-31T19:32:05.604Z,404,https://www.mekorhabracha.org/post/2025-05-31T19:32:05.604Z,,playwright.request.get
https://www.mekorhabracha.org/post/2025-05-31T19:40:39.093Z,404,https://www.mekorhabracha.org/post/2025-05-31T19:40:39.093Z,,playwright.request.get
https://www.mekorhabracha.org/post/2025-05-31T19:41:18.786Z,404,https://www.mekorhabracha.org/post/2025-05-31T19:41:18.786Z,,playwright.request.get
https://www.mekorhabracha.org/post/2025-05-31T19:42:13.243Z,404,https://www.mekorhabracha.org/post/2025-05-31T19:42:13.243Z,,playwright.request.get
https://www.mekorhabracha.org/post/2025-05-31T19:43:30.200Z,404,https://www.mekorhabracha.org/post/2025-05-31T19:43:30.200Z,,playwright.request.get
https://www.mekorhabracha.org/post/2025-05-31T19:49:39.101Z,404,https://www.mekorhabracha.org/post/2025-05-31T19:49:39.101Z,,playwright.request.get
https://www.mekorhabracha.org/post/2025-05-31T19:54:28.935Z,404,https://www.mekorhabracha.org/post/2025-05-31T19:54:28.935Z,,playwright.request.get
https://www.mekorhabracha.org/post/2025-05-31T19:57:16.281Z,404,https://www.mekorhabracha.org/post/2025-05-31T19:57:16.281Z,,playwright.request.get
https://www.mekorhabracha.org/post/2025-05-31T20:00:59.759Z,404,https://www.mekorhabracha.org/post/2025-05-31T20:00:59.759Z,,playwright.request.get
https://www.mekorhabracha.org/post/2025-05-31T20:05:32.250Z,404,https://www.mekorhabracha.org/post/2025-05-31T20:05:32.250Z,,playwright.request.get
https://www.mekorhabracha.org/post/2025-05-31T20:07:00.332Z,404,https://www.mekorhabracha.org/post/2025-05-31T20:07:00.332Z,,playwright.request.get
https://www.mekorhabracha.org/post/2025-05-31T20:08:33.168Z,404,https://www.mekorhabracha.org/post/2025-05-31T20:08:33.168Z,,playwright.request.get
https://www.mekorhabracha.org/post/2025-05-31T20:10:13.874Z,404,https://www.mekorhabracha.org/post/2025-05-31T20:10:13.874Z,,playwright.request.get
https://www.mekorhabracha.org/post/2025-05-31T20:14:47.829Z,404,https://www.mekorhabracha.org/post/2025-05-31T20:14:47.829Z,,playwright.request.get
https://www.mekorhabracha.org/post/2025-05-31T20:16:14.155Z,404,https://www.mekorhabracha.org/post/2025-05-31T20:16:14.155Z,,playwright.request.get
https://www.mekorhabracha.org/post/2025-05-31T20:21:06.689Z,404,https://www.mekorhabracha.org/post/2025-05-31T20:21:06.689Z,,playwright.request.get
https://www.mekorhabracha.org/post/2025-05-31T20:22:16.815Z,404,https://www.mekorhabracha.org/post/2025-05-31T20:22:16.815Z,,playwright.request.get
https://www.mekorhabracha.org/post/2025-05-31T20:23:12.786Z,404,https://www.mekorhabracha.org/post/2025-05-31T20:23:12.786Z,,playwright.request.get
https://www.mekorhabracha.org/post/2025-05-31T20:27:38.030Z,404,https://www.mekorhabracha.org/post/2025-05-31T20:27:38.030Z,,playwright.request.get
https://www.mekorhabracha.org/post/2025-05-31T20:31:01.692Z,404,https://www.mekorhabracha.org/post/2025-05-31T20:31:01.692Z,,playwright.request.get
https://www.mekorhabracha.org/post/2025-05-31T20:34:27.402Z,200,https://www.mekorhabracha.org/post/2025-05-31T20:34:27.402Z,,playwright.request.get
https://www.mekorhabracha.org/post/2025-05-31T20:38:42.489Z,404,https://www.mekorhabracha.org/post/2025-05-31T20:38:42.489Z,,playwright.request.get
https://www.mekorhabracha.org/post/2025-05-31T20:39:53.949Z,404,https://www.mekorhabracha.org/post/2025-05-31T20:39:53.949Z,,playwright.request.get
https://www.mekorhabracha.org/post/2025-06-01T09:56:14.251Z,404,https://www.mekorhabracha.org/post/2025-06-01T09:56:14.251Z,,playwright.request.get
https://www.mekorhabracha.org/post/2025-06-01T10:05:12.865Z,404,https://www.mekorhabracha.org/post/2025-06-01T10:05:12.865Z,,playwright.request.get
https://www.mekorhabracha.org/post/2025-06-01T10:08:21.995Z,404,https://www.mekorhabracha.org/post/2025-06-01T10:08:21.995Z,,playwright.request.get
https://www.mekorhabracha.org/post/2025-06-06T08:53:58.517Z,404,https://www.mekorhabracha.org/post/2025-06-06T08:53:58.517Z,,playwright.request.get
https://www.mekorhabracha.org/post/2025-07-03T04:34:49.373Z,404,https://www.mekorhabracha.org/post/2025-07-03T04:34:49.373Z,,playwright.request.get
https://www.mekorhabracha.org/post/2025-07-04T09:04:38.724Z,404,https://www.mekorhabracha.org/post/2025-07-04T09:04:38.724Z,,playwright.request.get
https://www.mekorhabracha.org/post/2025-07-04T09:21:35.346Z,404,https://www.mekorhabracha.org/post/2025-07-04T09:21:35.346Z,,playwright.request.get
https://www.mekorhabracha.org/post/2025-07-31T19:38:25.022Z,404,https://www.mekorhabracha.org/post/2025-07-31T19:38:25.022Z,,playwright.request.get
https://www.mekorhabracha.org/post/2025-08-13T09:20:52.430Z,404,https://www.mekorhabracha.org/post/2025-08-13T09:20:52.430Z,,playwright.request.get
https://www.mekorhabracha.org/post/2025-08-13T09:21:47.705Z,404,https://www.mekorhabracha.org/post/2025-08-13T09:21:47.705Z,,playwright.request.get
https://www.mekorhabracha.org/post/2025-08-13T09:22:30.553Z,404,https://www.mekorhabracha.org/post/2025-08-13T09:22:30.553Z,,playwright.request.get
https://www.mekorhabracha.org/post/2025-08-28T11:39:36.243Z,404,https://www.mekorhabracha.org/post/2025-08-28T11:39:36.243Z,,playwright.request.get
https://www.mekorhabracha.org/post/2025-08-29T17:10:22.411Z,404,https://www.mekorhabracha.org/post/2025-08-29T17:10:22.411Z,,playwright.request.get
https://www.mekorhabracha.org/post/2025-09-04T21:54:13.775Z,404,https://www.mekorhabracha.org/post/2025-09-04T21:54:13.775Z,,playwright.request.get
https://www.mekorhabracha.org/post/2025-11-16T22:04:31.459Z,404,https://www.mekorhabracha.org/post/2025-11-16T22:04:31.459Z,,playwright.request.get
https://www.mekorhabracha.org/post/2025-11-16T22:08:26.716Z,404,https://www.mekorhabracha.org/post/2025-11-16T22:08:26.716Z,,playwright.request.get
https://www.mekorhabracha.org/post/2026-01-08T03:03:41.253Z,404,https://www.mekorhabracha.org/post/2026-01-08T03:03:41.253Z,,playwright.request.get
https://www.mekorhabracha.org/post/2026-02-05T20:28:57.206Z,404,https://www.mekorhabracha.org/post/2026-02-05T20:28:57.206Z,,playwright.request.get
https://www.mekorhabracha.org/post/2026-02-05T20:34:53.741Z,404,https://www.mekorhabracha.org/post/2026-02-05T20:34:53.741Z,,playwright.request.get
https://www.mekorhabracha.org/post/2026-02-19T10:32:39.907Z,404,https://www.mekorhabracha.org/post/2026-02-19T10:32:39.907Z,,playwright.request.get
https://www.mekorhabracha.org/post/20th-street-pizza,200,https://www.mekorhabracha.org/post/20th-street-pizza,,playwright.request.get
https://www.mekorhabracha.org/post/224,404,https://www.mekorhabracha.org/post/224,,playwright.request.get
https://www.mekorhabracha.org/post/225,404,https://www.mekorhabracha.org/post/225,,playwright.request.get
https://www.mekorhabracha.org/post/226,404,https://www.mekorhabracha.org/post/226,,playwright.request.get
https://www.mekorhabracha.org/post/229,404,https://www.mekorhabracha.org/post/229,,playwright.request.get
https://www.mekorhabracha.org/post/238,404,https://www.mekorhabracha.org/post/238,,playwright.request.get
https://www.mekorhabracha.org/post/240,404,https://www.mekorhabracha.org/post/240,,playwright.request.get
https://www.mekorhabracha.org/post/243,404,https://www.mekorhabracha.org/post/243,,playwright.request.get
https://www.mekorhabracha.org/post/2447,404,https://www.mekorhabracha.org/post/2447,,playwright.request.get
https://www.mekorhabracha.org/post/249,404,https://www.mekorhabracha.org/post/249,,playwright.request.get
https://www.mekorhabracha.org/post/266,404,https://www.mekorhabracha.org/post/266,,playwright.request.get
https://www.mekorhabracha.org/post/267,404,https://www.mekorhabracha.org/post/267,,playwright.request.get
https://www.mekorhabracha.org/post/270,404,https://www.mekorhabracha.org/post/270,,playwright.request.get
https://www.mekorhabracha.org/post/281,404,https://www.mekorhabracha.org/post/281,,playwright.request.get
https://www.mekorhabracha.org/post/290,404,https://www.mekorhabracha.org/post/290,,playwright.request.get
https://www.mekorhabracha.org/post/297,404,https://www.mekorhabracha.org/post/297,,playwright.request.get
https://www.mekorhabracha.org/post/298,404,https://www.mekorhabracha.org/post/298,,playwright.request.get
https://www.mekorhabracha.org/post/300,404,https://www.mekorhabracha.org/post/300,,playwright.request.get
https://www.mekorhabracha.org/post/304,404,https://www.mekorhabracha.org/post/304,,playwright.request.get
https://www.mekorhabracha.org/post/306,404,https://www.mekorhabracha.org/post/306,,playwright.request.get
https://www.mekorhabracha.org/post/338,404,https://www.mekorhabracha.org/post/338,,playwright.request.get
https://www.mekorhabracha.org/post/363,404,https://www.mekorhabracha.org/post/363,,playwright.request.get
https://www.mekorhabracha.org/post/370,404,https://www.mekorhabracha.org/post/370,,playwright.request.get
https://www.mekorhabracha.org/post/375,404,https://www.mekorhabracha.org/post/375,,playwright.request.get
https://www.mekorhabracha.org/post/381,404,https://www.mekorhabracha.org/post/381,,playwright.request.get
https://www.mekorhabracha.org/post/387,404,https://www.mekorhabracha.org/post/387,,playwright.request.get
https://www.mekorhabracha.org/post/397,404,https://www.mekorhabracha.org/post/397,,playwright.request.get
https://www.mekorhabracha.org/post/400,404,https://www.mekorhabracha.org/post/400,,playwright.request.get
https://www.mekorhabracha.org/post/406,404,https://www.mekorhabracha.org/post/406,,playwright.request.get
https://www.mekorhabracha.org/post/407,404,https://www.mekorhabracha.org/post/407,,playwright.request.get
https://www.mekorhabracha.org/post/408,404,https://www.mekorhabracha.org/post/408,,playwright.request.get
https://www.mekorhabracha.org/post/417,404,https://www.mekorhabracha.org/post/417,,playwright.request.get
https://www.mekorhabracha.org/post/426,404,https://www.mekorhabracha.org/post/426,,playwright.request.get
https://www.mekorhabracha.org/post/435,404,https://www.mekorhabracha.org/post/435,,playwright.request.get
https://www.mekorhabracha.org/post/438,404,https://www.mekorhabracha.org/post/438,,playwright.request.get
https://www.mekorhabracha.org/post/451,404,https://www.mekorhabracha.org/post/451,,playwright.request.get
https://www.mekorhabracha.org/post/480,404,https://www.mekorhabracha.org/post/480,,playwright.request.get
https://www.mekorhabracha.org/post/508,404,https://www.mekorhabracha.org/post/508,,playwright.request.get
https://www.mekorhabracha.org/post/515,404,https://www.mekorhabracha.org/post/515,,playwright.request.get
https://www.mekorhabracha.org/post/516,404,https://www.mekorhabracha.org/post/516,,playwright.request.get
https://www.mekorhabracha.org/post/529,404,https://www.mekorhabracha.org/post/529,,playwright.request.get
https://www.mekorhabracha.org/post/542,404,https://www.mekorhabracha.org/post/542,,playwright.request.get
https://www.mekorhabracha.org/post/544,404,https://www.mekorhabracha.org/post/544,,playwright.request.get
https://www.mekorhabracha.org/post/553,404,https://www.mekorhabracha.org/post/553,,playwright.request.get
https://www.mekorhabracha.org/post/561,404,https://www.mekorhabracha.org/post/561,,playwright.request.get
https://www.mekorhabracha.org/post/563,404,https://www.mekorhabracha.org/post/563,,playwright.request.get
https://www.mekorhabracha.org/post/596,404,https://www.mekorhabracha.org/post/596,,playwright.request.get
https://www.mekorhabracha.org/post/597,404,https://www.mekorhabracha.org/post/597,,playwright.request.get
https://www.mekorhabracha.org/post/613,404,https://www.mekorhabracha.org/post/613,,playwright.request.get
https://www.mekorhabracha.org/post/616,404,https://www.mekorhabracha.org/post/616,,playwright.request.get
https://www.mekorhabracha.org/post/638,404,https://www.mekorhabracha.org/post/638,,playwright.request.get
https://www.mekorhabracha.org/post/640,404,https://www.mekorhabracha.org/post/640,,playwright.request.get
https://www.mekorhabracha.org/post/644,404,https://www.mekorhabracha.org/post/644,,playwright.request.get
https://www.mekorhabracha.org/post/677,404,https://www.mekorhabracha.org/post/677,,playwright.request.get
https://www.mekorhabracha.org/post/707,404,https://www.mekorhabracha.org/post/707,,playwright.request.get
https://www.mekorhabracha.org/post/720,404,https://www.mekorhabracha.org/post/720,,playwright.request.get
https://www.mekorhabracha.org/post/725,404,https://www.mekorhabracha.org/post/725,,playwright.request.get
https://www.mekorhabracha.org/post/740,404,https://www.mekorhabracha.org/post/740,,playwright.request.get
https://www.mekorhabracha.org/post/747,404,https://www.mekorhabracha.org/post/747,,playwright.request.get
https://www.mekorhabracha.org/post/765,404,https://www.mekorhabracha.org/post/765,,playwright.request.get
https://www.mekorhabracha.org/post/800,404,https://www.mekorhabracha.org/post/800,,playwright.request.get
https://www.mekorhabracha.org/post/803,404,https://www.mekorhabracha.org/post/803,,playwright.request.get
https://www.mekorhabracha.org/post/806,404,https://www.mekorhabracha.org/post/806,,playwright.request.get
https://www.mekorhabracha.org/post/852,404,https://www.mekorhabracha.org/post/852,,playwright.request.get
https://www.mekorhabracha.org/post/905,404,https://www.mekorhabracha.org/post/905,,playwright.request.get
https://www.mekorhabracha.org/post/Cinnaholic,200,https://www.mekorhabracha.org/post/Cinnaholic,,playwright.request.get
https://www.mekorhabracha.org/post/HipCityVeg,200,https://www.mekorhabracha.org/post/HipCityVeg,,playwright.request.get
https://www.mekorhabracha.org/post/IE=edge,404,https://www.mekorhabracha.org/post/IE=edge,,playwright.request.get
https://www.mekorhabracha.org/post/_blog,200,https://www.mekorhabracha.org/post/_blog,,previous-http-check
https://www.mekorhabracha.org/post/_luhv,200,https://www.mekorhabracha.org/post/_luhv,,previous-http-check
https://www.mekorhabracha.org/post/_luhv-1,200,https://www.mekorhabracha.org/post/_luhv-1,,playwright.request.get
https://www.mekorhabracha.org/post/_luhv-2,200,https://www.mekorhabracha.org/post/_luhv-2,,playwright.request.get
https://www.mekorhabracha.org/post/article,404,https://www.mekorhabracha.org/post/article,,playwright.request.get
https://www.mekorhabracha.org/post/bar-bombon,200,https://www.mekorhabracha.org/post/bar-bombon,,playwright.request.get
https://www.mekorhabracha.org/post/barbara-and-harvey-brodsky-enrichment-center-of-jewish-family-and-children-services,200,https://www.mekorhabracha.org/post/barbara-and-harvey-brodsky-enrichment-center-of-jewish-family-and-children-services,,playwright.request.get
https://www.mekorhabracha.org/post/ben-jerry-s-ice-cream,200,https://www.mekorhabracha.org/post/ben-jerry-s-ice-cream,,previous-http-check
https://www.mekorhabracha.org/post/best-cake-kosher-bakery,200,https://www.mekorhabracha.org/post/best-cake-kosher-bakery,,previous-http-check
https://www.mekorhabracha.org/post/bug,0,,"APIRequestContext.get: Timeout 4000ms exceeded.
Call log:
  -  GET https://www.mekorhabracha.org/post/bug
    - user-agent: Mozilla/5.0 (compatible; CodexPlaywrightCrawler/quick-clean-1.0)
    - accept: */*
    - accept",playwright.request.get
https://www.mekorhabracha.org/post/c-r-kitchen,200,https://www.mekorhabracha.org/post/c-r-kitchen,,previous-http-check
https://www.mekorhabracha.org/post/c-r-kitchen-1,200,https://www.mekorhabracha.org/post/c-r-kitchen-1,,previous-http-check
https://www.mekorhabracha.org/post/cafe-613-at-temple-hillel,200,https://www.mekorhabracha.org/post/cafe-613-at-temple-hillel,,previous-http-check
https://www.mekorhabracha.org/post/casa-borinque%C3%B1a,200,https://www.mekorhabracha.org/post/casa-borinque%C3%B1a,,previous-http-check
https://www.mekorhabracha.org/post/casa-borinquea,200,https://www.mekorhabracha.org/post/casa-borinque%C3%B1a,,playwright.request.get
https://www.mekorhabracha.org/post/charlie-was-a-sinner,200,https://www.mekorhabracha.org/post/charlie-was-a-sinner,,previous-http-check
https://www.mekorhabracha.org/post/cinnaholic,200,https://www.mekorhabracha.org/post/cinnaholic,,previous-http-check
https://www.mekorhabracha.org/post/copy-of-ben-jerry-s-ice-cream,200,https://www.mekorhabracha.org/post/copy-of-ben-jerry-s-ice-cream,,previous-http-check
https://www.mekorhabracha.org/post/diane-s-patisserie,200,https://www.mekorhabracha.org/post/diane-s-patisserie,,previous-http-check
https://www.mekorhabracha.org/post/dining-commons-at-penn-hillel,200,https://www.mekorhabracha.org/post/dining-commons-at-penn-hillel,,previous-http-check
https://www.mekorhabracha.org/post/dottie-s-donuts,200,https://www.mekorhabracha.org/post/dottie-s-donuts,,playwright.request.get
https://www.mekorhabracha.org/post/dottie-s-donuts-1,200,https://www.mekorhabracha.org/post/dottie-s-donuts-1,,playwright.request.get
https://www.mekorhabracha.org/post/dottie-s-donuts-2,200,https://www.mekorhabracha.org/post/dottie-s-donuts-2,,previous-http-check
https://www.mekorhabracha.org/post/dottie-s-donuts-3,200,https://www.mekorhabracha.org/post/dottie-s-donuts-3,,playwright.request.get
https://www.mekorhabracha.org/post/e0b7a2b2-1782-4b0f-9b31-0691f453bd36,404,https://www.mekorhabracha.org/post/e0b7a2b2-1782-4b0f-9b31-0691f453bd36,,playwright.request.get
https://www.mekorhabracha.org/post/e1e8124f-530b-4ebb-aad4-a37696ce66af,404,https://www.mekorhabracha.org/post/e1e8124f-530b-4ebb-aad4-a37696ce66af,,playwright.request.get
https://www.mekorhabracha.org/post/espresso-cafe-sushi-bar,200,https://www.mekorhabracha.org/post/espresso-cafe-sushi-bar,,previous-http-check
https://www.mekorhabracha.org/post/fitz-on-4th,200,https://www.mekorhabracha.org/post/fitz-on-4th,,previous-http-check
https://www.mekorhabracha.org/post/giant,200,https://www.mekorhabracha.org/post/giant,,playwright.request.get
https://www.mekorhabracha.org/post/giant-1,200,https://www.mekorhabracha.org/post/giant-1,,playwright.request.get
https://www.mekorhabracha.org/post/goldie,200,https://www.mekorhabracha.org/post/goldie,,playwright.request.get
https://www.mekorhabracha.org/post/goldie-1,200,https://www.mekorhabracha.org/post/goldie-1,,playwright.request.get
https://www.mekorhabracha.org/post/goldie-2,200,https://www.mekorhabracha.org/post/goldie-2,,playwright.request.get
https://www.mekorhabracha.org/post/goldie-3,200,https://www.mekorhabracha.org/post/goldie-3,,playwright.request.get
https://www.mekorhabracha.org/post/goldie-4,200,https://www.mekorhabracha.org/post/goldie-4,,playwright.request.get
https://www.mekorhabracha.org/post/hipcityveg,200,https://www.mekorhabracha.org/post/hipcityveg,,playwright.request.get
https://www.mekorhabracha.org/post/hipcityveg-1,200,https://www.mekorhabracha.org/post/hipcityveg-1,,playwright.request.get
https://www.mekorhabracha.org/post/house-of-kosher,200,https://www.mekorhabracha.org/post/house-of-kosher,,playwright.request.get
https://www.mekorhabracha.org/post/insomnia-cookies-bala-cynwyd,200,https://www.mekorhabracha.org/post/insomnia-cookies-bala-cynwyd,,playwright.request.get
https://www.mekorhabracha.org/post/insomnia-cookies-upenn-hup,200,https://www.mekorhabracha.org/post/insomnia-cookies-upenn-hup,,playwright.request.get
https://www.mekorhabracha.org/post/insomnia-cookies-upenn-hup-1,200,https://www.mekorhabracha.org/post/insomnia-cookies-upenn-hup-1,,playwright.request.get
https://www.mekorhabracha.org/post/joy-cafe,200,https://www.mekorhabracha.org/post/joy-cafe,,playwright.request.get
https://www.mekorhabracha.org/post/judah-mediterranean-grill,200,https://www.mekorhabracha.org/post/judah-mediterranean-grill,,playwright.request.get
https://www.mekorhabracha.org/post/kosher-corner-at-temple-university,200,https://www.mekorhabracha.org/post/kosher-corner-at-temple-university,,playwright.request.get
https://www.mekorhabracha.org/post/kosher-experience,200,https://www.mekorhabracha.org/post/kosher-experience,,playwright.request.get
https://www.mekorhabracha.org/post/kosher-experience-1,200,https://www.mekorhabracha.org/post/kosher-experience-1,,playwright.request.get
https://www.mekorhabracha.org/post/la-chic-n-sweet,200,https://www.mekorhabracha.org/post/la-chic-n-sweet,,playwright.request.get
https://www.mekorhabracha.org/post/luhv-factory-vegan-bistro,200,https://www.mekorhabracha.org/post/luhv-factory-vegan-bistro,,previous-http-check
https://www.mekorhabracha.org/post/magical-sweet-shop,200,https://www.mekorhabracha.org/post/magical-sweet-shop,,previous-http-check
https://www.mekorhabracha.org/post/mama-s-vegetarian-falafel,200,https://www.mekorhabracha.org/post/mama-s-vegetarian-falafel,,previous-http-check
https://www.mekorhabracha.org/post/mia-s-meals,200,https://www.mekorhabracha.org/post/mia-s-meals,,previous-http-check
https://www.mekorhabracha.org/post/mike-s-chicken,200,https://www.mekorhabracha.org/post/mike-s-chicken,,playwright.request.get
https://www.mekorhabracha.org/post/miss-rachel-s-pantry,200,https://www.mekorhabracha.org/post/miss-rachel-s-pantry,,playwright.request.get
https://www.mekorhabracha.org/post/moore-bakery---i-want-moore,200,https://www.mekorhabracha.org/post/moore-bakery---i-want-moore,,previous-http-check
https://www.mekorhabracha.org/post/moore-bakery-i-want-moore,200,https://www.mekorhabracha.org/post/moore-bakery-i-want-moore,,playwright.request.get
https://www.mekorhabracha.org/post/nana-s-kitchen,200,https://www.mekorhabracha.org/post/nana-s-kitchen,,playwright.request.get
https://www.mekorhabracha.org/post/new-york-bagel,200,https://www.mekorhabracha.org/post/new-york-bagel,,previous-http-check
https://www.mekorhabracha.org/post/new-york-bagel-bakery,200,https://www.mekorhabracha.org/post/new-york-bagel-bakery,,previous-http-check
https://www.mekorhabracha.org/post/noindex,404,https://www.mekorhabracha.org/post/noindex,,playwright.request.get
https://www.mekorhabracha.org/post/nothing-bundt-cakes-cherry-hill,200,https://www.mekorhabracha.org/post/nothing-bundt-cakes-cherry-hill,,previous-http-check
https://www.mekorhabracha.org/post/nothing-bundt-cakes-marlton,200,https://www.mekorhabracha.org/post/nothing-bundt-cakes-marlton,,playwright.request.get
https://www.mekorhabracha.org/post/nothing-bundt-cakes-springfield,200,https://www.mekorhabracha.org/post/nothing-bundt-cakes-springfield,,previous-http-check
https://www.mekorhabracha.org/post/nothing-bundt-cakes-wynnewood,200,https://www.mekorhabracha.org/post/nothing-bundt-cakes-wynnewood,,playwright.request.get
https://www.mekorhabracha.org/post/picture-barbara-and-harvey-brodsky-enrichment-center,200,https://www.mekorhabracha.org/post/picture-barbara-and-harvey-brodsky-enrichment-center,,previous-http-check
https://www.mekorhabracha.org/post/plnt-burger,200,https://www.mekorhabracha.org/post/plnt-burger,,playwright.request.get
https://www.mekorhabracha.org/post/plnt-burger-1,200,https://www.mekorhabracha.org/post/plnt-burger-1,,playwright.request.get
https://www.mekorhabracha.org/post/primo-water-ice,200,https://www.mekorhabracha.org/post/primo-water-ice,,playwright.request.get
https://www.mekorhabracha.org/post/ps-co,200,https://www.mekorhabracha.org/post/ps-co,,playwright.request.get
https://www.mekorhabracha.org/post/rabbiehirsch,404,https://www.mekorhabracha.org/post/rabbiehirsch,,playwright.request.get
https://www.mekorhabracha.org/post/rita-s-south-street-west,200,https://www.mekorhabracha.org/post/rita-s-south-street-west,,playwright.request.get
https://www.mekorhabracha.org/post/rita-s-water-ice,200,https://www.mekorhabracha.org/post/rita-s-water-ice,,playwright.request.get
https://www.mekorhabracha.org/post/rita-s-water-ice-1,200,https://www.mekorhabracha.org/post/rita-s-water-ice-1,,previous-http-check
https://www.mekorhabracha.org/post/rita-s-water-ice-2,200,https://www.mekorhabracha.org/post/rita-s-water-ice-2,,playwright.request.get
https://www.mekorhabracha.org/post/rita-s-water-ice-3,200,https://www.mekorhabracha.org/post/rita-s-water-ice-3,,previous-http-check
https://www.mekorhabracha.org/post/rollings-bakery,200,https://www.mekorhabracha.org/post/rollings-bakery,,previous-http-check
https://www.mekorhabracha.org/post/say-she-ate-caf%C3%A9,200,https://www.mekorhabracha.org/post/say-she-ate-caf%C3%A9,,playwright.request.get
https://www.mekorhabracha.org/post/say-she-ate-caf,200,https://www.mekorhabracha.org/post/say-she-ate-caf%C3%A9,,playwright.request.get
https://www.mekorhabracha.org/post/shalom-pizza,200,https://www.mekorhabracha.org/post/shalom-pizza,,playwright.request.get
https://www.mekorhabracha.org/post/shevy-s-babka-paradise,200,https://www.mekorhabracha.org/post/shevy-s-babka-paradise,,previous-http-check
https://www.mekorhabracha.org/post/shevy-s-babka-paradise-1,200,https://www.mekorhabracha.org/post/shevy-s-babka-paradise-1,,playwright.request.get
https://www.mekorhabracha.org/post/shtetl-kosher-restaurant,200,https://www.mekorhabracha.org/post/shtetl-kosher-restaurant,,playwright.request.get
https://www.mekorhabracha.org/post/skype_toolbar_parser_compatible,404,https://www.mekorhabracha.org/post/skype_toolbar_parser_compatible,,playwright.request.get
https://www.mekorhabracha.org/post/slices-and-rolls-pizza-shop,200,https://www.mekorhabracha.org/post/slices-and-rolls-pizza-shop,,playwright.request.get
https://www.mekorhabracha.org/post/star-of-david-kosher-grill,200,https://www.mekorhabracha.org/post/star-of-david-kosher-grill,,playwright.request.get
https://www.mekorhabracha.org/post/stephen-s-cafe,200,https://www.mekorhabracha.org/post/stephen-s-cafe,,previous-http-check
https://www.mekorhabracha.org/post/summary_large_image,404,https://www.mekorhabracha.org/post/summary_large_image,,playwright.request.get
https://www.mekorhabracha.org/post/sweet-box-bakery,200,https://www.mekorhabracha.org/post/sweet-box-bakery,,playwright.request.get
https://www.mekorhabracha.org/post/sweet-trading-company,200,https://www.mekorhabracha.org/post/sweet-trading-company,,previous-http-check
https://www.mekorhabracha.org/post/tasty-twisters-soft-pretzel-factory,200,https://www.mekorhabracha.org/post/tasty-twisters-soft-pretzel-factory,,previous-http-check
https://www.mekorhabracha.org/post/telephone=no,404,https://www.mekorhabracha.org/post/telephone=no,,playwright.request.get
https://www.mekorhabracha.org/post/that-sushi-spot-lkwd-nj-lakewood,200,https://www.mekorhabracha.org/post/that-sushi-spot-lkwd-nj-lakewood,,previous-http-check
https://www.mekorhabracha.org/post/the-bagel-spot,200,https://www.mekorhabracha.org/post/the-bagel-spot,,playwright.request.get
https://www.mekorhabracha.org/post/the-brazilian-bbq,200,https://www.mekorhabracha.org/post/the-brazilian-bbq,,playwright.request.get
https://www.mekorhabracha.org/post/the-brazillan-bbq,200,https://www.mekorhabracha.org/post/the-brazillan-bbq,,playwright.request.get
https://www.mekorhabracha.org/post/the-chilly-banana,200,https://www.mekorhabracha.org/post/the-chilly-banana,,previous-http-check
https://www.mekorhabracha.org/post/the-kosher-grill,200,https://www.mekorhabracha.org/post/the-kosher-grill,,previous-http-check
https://www.mekorhabracha.org/post/unit-su-vege,200,https://www.mekorhabracha.org/post/unit-su-vege,,previous-http-check
https://www.mekorhabracha.org/post/whole-foods-fresh-fish-counter,200,https://www.mekorhabracha.org/post/whole-foods-fresh-fish-counter,,playwright.request.get
https://www.mekorhabracha.org/post/z-candy-bar,200,https://www.mekorhabracha.org/post/z-candy-bar,,previous-http-check
https://www.mekorhabracha.org/post/zevi-s-bakery,200,https://www.mekorhabracha.org/post/zevi-s-bakery,,playwright.request.get
https://www.mekorhabracha.org/profile/rabbiehirsch/2447,404,https://www.mekorhabracha.org/profile/rabbiehirsch/2447,,playwright.request.get
https://www.mekorhabracha.org/profile/rabbiehirsch/IE=edge,404,https://www.mekorhabracha.org/profile/rabbiehirsch/IE=edge,,playwright.request.get
https://www.mekorhabracha.org/profile/rabbiehirsch/bug,404,https://www.mekorhabracha.org/profile/rabbiehirsch/bug,,playwright.request.get
https://www.mekorhabracha.org/profile/rabbiehirsch/e0b7a2b2-1782-4b0f-9b31-0691f453bd36,404,https://www.mekorhabracha.org/profile/rabbiehirsch/e0b7a2b2-1782-4b0f-9b31-0691f453bd36,,playwright.request.get
https://www.mekorhabracha.org/profile/rabbiehirsch/e1e8124f-530b-4ebb-aad4-a37696ce66af,404,https://www.mekorhabracha.org/profile/rabbiehirsch/e1e8124f-530b-4ebb-aad4-a37696ce66af,,playwright.request.get
https://www.mekorhabracha.org/profile/rabbiehirsch/index,404,https://www.mekorhabracha.org/profile/rabbiehirsch/index,,playwright.request.get
https://www.mekorhabracha.org/profile/rabbiehirsch/profile,200,https://www.mekorhabracha.org/profile/rabbiehirsch/profile,,previous-http-check
https://www.mekorhabracha.org/profile/rabbiehirsch/profile?disableScrollToTop=true,200,https://www.mekorhabracha.org/profile/rabbiehirsch/profile?disableScrollToTop=true,,playwright.request.get
https://www.mekorhabracha.org/profile/rabbiehirsch/skype_toolbar_parser_compatible,404,https://www.mekorhabracha.org/profile/rabbiehirsch/skype_toolbar_parser_compatible,,playwright.request.get
https://www.mekorhabracha.org/profile/rabbiehirsch/summary,404,https://www.mekorhabracha.org/profile/rabbiehirsch/summary,,playwright.request.get
https://www.mekorhabracha.org/profile/rabbiehirsch/telephone=no,404,https://www.mekorhabracha.org/profile/rabbiehirsch/telephone=no,,playwright.request.get
https://www.mekorhabracha.org/profile/rabbiehirsch/website,404,https://www.mekorhabracha.org/profile/rabbiehirsch/website,,playwright.request.get
https://www.mekorhabracha.org/s-projects-side-by-side,200,https://www.mekorhabracha.org/s-projects-side-by-side,,playwright.request.get
https://www.mekorhabracha.org/search?q=%7Bsearch_term%7D,200,https://www.mekorhabracha.org/search?q=%7Bsearch_term%7D,,playwright.request.get
https://www.mekorhabracha.org/skype_toolbar_parser_compatible,404,https://www.mekorhabracha.org/skype_toolbar_parser_compatible,,playwright.request.get
https://www.mekorhabracha.org/summary_large_image,404,https://www.mekorhabracha.org/summary_large_image,,playwright.request.get
https://www.mekorhabracha.org/team-4,200,https://www.mekorhabracha.org/team-4,,playwright.request.get
https://www.mekorhabracha.org/telephone=no,400,https://www.mekorhabracha.org/telephone=no,,playwright.request.get
https://www.mekorhabracha.org/testimonials,200,https://www.mekorhabracha.org/testimonials,,playwright.request.get
https://www.mekorhabracha.org/thank-you,200,https://www.mekorhabracha.org/thank-you,,previous-http-check
https://www.mekorhabracha.org/uploads/1/2/1/5/121515787/bar_bombon_2024.pdf,404,https://www.mekorhabracha.org/uploads/1/2/1/5/121515787/bar_bombon_2024.pdf,,playwright.request.get
https://www.mekorhabracha.org/uploads/1/2/1/5/121515787/blackbird_20thst_certificate_2024.pdf,404,https://www.mekorhabracha.org/uploads/1/2/1/5/121515787/blackbird_20thst_certificate_2024.pdf,,playwright.request.get
https://www.mekorhabracha.org/uploads/1/2/1/5/121515787/charlie_2024_certificate.pdf,404,https://www.mekorhabracha.org/uploads/1/2/1/5/121515787/charlie_2024_certificate.pdf,,playwright.request.get
https://www.mekorhabracha.org/uploads/1/2/1/5/121515787/dottiesdonuts_manayunk_certificate-website.pdf,404,https://www.mekorhabracha.org/uploads/1/2/1/5/121515787/dottiesdonuts_manayunk_certificate-website.pdf,,playwright.request.get
https://www.mekorhabracha.org/uploads/1/2/1/5/121515787/face_masks_and_a_mohel__parents_figure_out_how_to_host_a_bris_during_coronavirus_-_wsj.pdf,404,https://www.mekorhabracha.org/uploads/1/2/1/5/121515787/face_masks_and_a_mohel__parents_figure_out_how_to_host_a_bris_during_coronavirus_-_wsj.pdf,,playwright.request.get
https://www.mekorhabracha.org/uploads/1/2/1/5/121515787/fitz_on_4th_2024.pdf,404,https://www.mekorhabracha.org/uploads/1/2/1/5/121515787/fitz_on_4th_2024.pdf,,playwright.request.get
https://www.mekorhabracha.org/uploads/1/2/1/5/121515787/goldie_fishtown_certificate-_2024.pdf,404,https://www.mekorhabracha.org/uploads/1/2/1/5/121515787/goldie_fishtown_certificate-_2024.pdf,,playwright.request.get
https://www.mekorhabracha.org/uploads/1/2/1/5/121515787/hipcityvegrittenhouse_2024.pdf,404,https://www.mekorhabracha.org/uploads/1/2/1/5/121515787/hipcityvegrittenhouse_2024.pdf,,playwright.request.get
https://www.mekorhabracha.org/uploads/1/2/1/5/121515787/kilwins_certificate_2024_-_website.pdf,404,https://www.mekorhabracha.org/uploads/1/2/1/5/121515787/kilwins_certificate_2024_-_website.pdf,,playwright.request.get
https://www.mekorhabracha.org/uploads/1/2/1/5/121515787/luhv_vegan_deli_at_reading_terminal_2024.pdf,404,https://www.mekorhabracha.org/uploads/1/2/1/5/121515787/luhv_vegan_deli_at_reading_terminal_2024.pdf,,playwright.request.get
https://www.mekorhabracha.org/uploads/1/2/1/5/121515787/rachels_pantry_certificate_2024.pdf,404,https://www.mekorhabracha.org/uploads/1/2/1/5/121515787/rachels_pantry_certificate_2024.pdf,,playwright.request.get
https://www.mekorhabracha.org/visit-us,200,https://www.mekorhabracha.org/visit-us,,playwright.request.get
https://www.mekorhabracha.org/website,404,https://www.mekorhabracha.org/website,,playwright.request.get
