relative_path,absolute_path,filename,extension,size_bytes,sha1,role
Events/events.csv,/Users/meshulumort/Documents/mekor/rebuild-assets/raw2/Mekor Assests/Events/events.csv,events.csv,.csv,1867,f6af1aa9fbdea91158aa78378774a9ba977ab08c,events_export_csv
Forms Inquiries csv/Home Contact Form.csv,/Users/meshulumort/Documents/mekor/rebuild-assets/raw2/Mekor Assests/Forms Inquiries csv/Home Contact Form.csv,Home Contact Form.csv,.csv,11488,d39c0c0706199c6f94763bb5715ca89ef021d7cf,form_export_csv
Forms Inquiries csv/Kosher Inquiry.csv,/Users/meshulumort/Documents/mekor/rebuild-assets/raw2/Mekor Assests/Forms Inquiries csv/Kosher Inquiry.csv,Kosher Inquiry.csv,.csv,3482,0f2bc13599345570d1af0cd0b3beb7cc97c0115f,form_export_csv
IKC Certificates/IKC Certificates_unzipped/92f487_5779394e95544307960fcd1f0f06a6c7 (1) (1).pdf,/Users/meshulumort/Documents/mekor/rebuild-assets/raw2/Mekor Assests/IKC Certificates/IKC Certificates_unzipped/92f487_5779394e95544307960fcd1f0f06a6c7 (1) (1).pdf,92f487_5779394e95544307960fcd1f0f06a6c7 (1) (1).pdf,.pdf,169208,98f2e4267540f9de2eca4a739c3de7a2a3e624d7,ikc_certificate
IKC Certificates/IKC Certificates_unzipped/92f487_5779394e95544307960fcd1f0f06a6c7 (1).pdf,/Users/meshulumort/Documents/mekor/rebuild-assets/raw2/Mekor Assests/IKC Certificates/IKC Certificates_unzipped/92f487_5779394e95544307960fcd1f0f06a6c7 (1).pdf,92f487_5779394e95544307960fcd1f0f06a6c7 (1).pdf,.pdf,154999,01719bf24d31e8d178aea336b6adf2a36b476ab1,ikc_certificate
IKC Certificates/IKC Certificates_unzipped/92f487_6256c0711f044f5086c72a471120db61 (1).pdf,/Users/meshulumort/Documents/mekor/rebuild-assets/raw2/Mekor Assests/IKC Certificates/IKC Certificates_unzipped/92f487_6256c0711f044f5086c72a471120db61 (1).pdf,92f487_6256c0711f044f5086c72a471120db61 (1).pdf,.pdf,142796,e83e6d9c066025689ced98c34d5951eea776a9c8,ikc_certificate
IKC Certificates/IKC Certificates_unzipped/Bar Bombon 2025 updated.pdf,/Users/meshulumort/Documents/mekor/rebuild-assets/raw2/Mekor Assests/IKC Certificates/IKC Certificates_unzipped/Bar Bombon 2025 updated.pdf,Bar Bombon 2025 updated.pdf,.pdf,174508,762273f65af0ef989a954c3543cfeb23ee77007b,ikc_certificate
IKC Certificates/IKC Certificates_unzipped/Casa Borinqueña.pdf,/Users/meshulumort/Documents/mekor/rebuild-assets/raw2/Mekor Assests/IKC Certificates/IKC Certificates_unzipped/Casa Borinqueña.pdf,Casa Borinqueña.pdf,.pdf,159994,a16895f3f044bd59eaff585c56a1c27af9a758f2,ikc_certificate
IKC Certificates/IKC Certificates_unzipped/Center_City_South_Philly_Eruv_Update.pdf,/Users/meshulumort/Documents/mekor/rebuild-assets/raw2/Mekor Assests/IKC Certificates/IKC Certificates_unzipped/Center_City_South_Philly_Eruv_Update.pdf,Center_City_South_Philly_Eruv_Update.pdf,.pdf,3359,34db8c0dd8723a9bf78434cce3be0e329cb2bc6d,ikc_certificate
IKC Certificates/IKC Certificates_unzipped/Charlie 2025 Certificate updated.pdf,/Users/meshulumort/Documents/mekor/rebuild-assets/raw2/Mekor Assests/IKC Certificates/IKC Certificates_unzipped/Charlie 2025 Certificate updated.pdf,Charlie 2025 Certificate updated.pdf,.pdf,173970,642cf5c4cd34debaaf4cbc0f2d70c63d0f66a339,ikc_certificate
"IKC Certificates/IKC Certificates_unzipped/Fitz on 4th 2025, updated.pdf","/Users/meshulumort/Documents/mekor/rebuild-assets/raw2/Mekor Assests/IKC Certificates/IKC Certificates_unzipped/Fitz on 4th 2025, updated.pdf","Fitz on 4th 2025, updated.pdf",.pdf,179448,3e6f40920e6ecfc30e76e95a744033be59d96dce,ikc_certificate
IKC Certificates/IKC Certificates_unzipped/LUHV Factory & Vegan.pdf,/Users/meshulumort/Documents/mekor/rebuild-assets/raw2/Mekor Assests/IKC Certificates/IKC Certificates_unzipped/LUHV Factory & Vegan.pdf,LUHV Factory & Vegan.pdf,.pdf,163419,2f8e73f10e3f0498c132f08e8d35b1e3883f1449,ikc_certificate
IKC Certificates/IKC Certificates_unzipped/LUHV's VEGAN BISTRO-S. Philly.pdf,/Users/meshulumort/Documents/mekor/rebuild-assets/raw2/Mekor Assests/IKC Certificates/IKC Certificates_unzipped/LUHV's VEGAN BISTRO-S. Philly.pdf,LUHV's VEGAN BISTRO-S. Philly.pdf,.pdf,171465,0a7f6cd63be77ade371951113f5c08210dc4f8ea,ikc_certificate
IKC Certificates/IKC Certificates_unzipped/Luhv - N York.pdf,/Users/meshulumort/Documents/mekor/rebuild-assets/raw2/Mekor Assests/IKC Certificates/IKC Certificates_unzipped/Luhv - N York.pdf,Luhv - N York.pdf,.pdf,161825,b48a803a7ba20e0ee561578048167f2e7bb6ed29,ikc_certificate
IKC Certificates/IKC Certificates_unzipped/Luhv Vegan Bistro.pdf,/Users/meshulumort/Documents/mekor/rebuild-assets/raw2/Mekor Assests/IKC Certificates/IKC Certificates_unzipped/Luhv Vegan Bistro.pdf,Luhv Vegan Bistro.pdf,.pdf,151332,19c38046dff24c230f7bb754c5e16923826c0a62,ikc_certificate
IKC Certificates/IKC Certificates_unzipped/Magical Sweet Shop.pdf,/Users/meshulumort/Documents/mekor/rebuild-assets/raw2/Mekor Assests/IKC Certificates/IKC Certificates_unzipped/Magical Sweet Shop.pdf,Magical Sweet Shop.pdf,.pdf,156887,1a6ade3bc2ff8e4e72cca56023483f97a70b57d4,ikc_certificate
IKC Certificates/IKC Certificates_unzipped/PLNT Burger .pdf,/Users/meshulumort/Documents/mekor/rebuild-assets/raw2/Mekor Assests/IKC Certificates/IKC Certificates_unzipped/PLNT Burger .pdf,PLNT Burger .pdf,.pdf,156806,ced68c52051470a3216f0dfe1f7b9bbf082a1ee7,ikc_certificate
IKC Certificates/IKC Certificates_unzipped/She say Ate Cafe.pdf,/Users/meshulumort/Documents/mekor/rebuild-assets/raw2/Mekor Assests/IKC Certificates/IKC Certificates_unzipped/She say Ate Cafe.pdf,She say Ate Cafe.pdf,.pdf,163099,48f2da0d8c0c2be6193b4d6f69e0852423d12442,ikc_certificate
IKC Certificates/IKC Certificates_unzipped/Sweet Box.pdf,/Users/meshulumort/Documents/mekor/rebuild-assets/raw2/Mekor Assests/IKC Certificates/IKC Certificates_unzipped/Sweet Box.pdf,Sweet Box.pdf,.pdf,163649,84ca82f3b16f2595811139a036a1bc7fc25960ca,ikc_certificate
IKC Certificates/IKC Certificates_unzipped/Sweetbox Certificate .pdf,/Users/meshulumort/Documents/mekor/rebuild-assets/raw2/Mekor Assests/IKC Certificates/IKC Certificates_unzipped/Sweetbox Certificate .pdf,Sweetbox Certificate .pdf,.pdf,119178,dd4db2f740c8c58b167262df20d58102e88514b7,ikc_certificate
IKC Certificates/IKC Certificates_unzipped/Unit Su Vege​.pdf,/Users/meshulumort/Documents/mekor/rebuild-assets/raw2/Mekor Assests/IKC Certificates/IKC Certificates_unzipped/Unit Su Vege​.pdf,Unit Su Vege​.pdf,.pdf,157867,1f56233ce37bc2544107a7c9c5b853f931892474,ikc_certificate
IKC Certificates/IKC Certificates_unzipped/Zevi's Bakery IKC certificate 2026.pdf,/Users/meshulumort/Documents/mekor/rebuild-assets/raw2/Mekor Assests/IKC Certificates/IKC Certificates_unzipped/Zevi's Bakery IKC certificate 2026.pdf,Zevi's Bakery IKC certificate 2026.pdf,.pdf,607750,cde7bae52e0d7aa9902b197c9239a955ca9560cf,ikc_certificate
IKC Certificates/IKC Certificates_unzipped/bar_bombon_2024 (1) (1) (1).pdf,/Users/meshulumort/Documents/mekor/rebuild-assets/raw2/Mekor Assests/IKC Certificates/IKC Certificates_unzipped/bar_bombon_2024 (1) (1) (1).pdf,bar_bombon_2024 (1) (1) (1).pdf,.pdf,144419,3b7346b448c0f56b262403b4d0ccd638fea609f3,ikc_certificate
IKC Certificates/IKC Certificates_unzipped/bar_bombon_2024 (1).pdf,/Users/meshulumort/Documents/mekor/rebuild-assets/raw2/Mekor Assests/IKC Certificates/IKC Certificates_unzipped/bar_bombon_2024 (1).pdf,bar_bombon_2024 (1).pdf,.pdf,142390,af7ede1354578f20ff2e21e86f4b016a3e82d0b6,ikc_certificate
IKC Certificates/IKC Certificates_unzipped/ben_jerryscertificate_-w.philly_2024 (1) (1) (1).pdf,/Users/meshulumort/Documents/mekor/rebuild-assets/raw2/Mekor Assests/IKC Certificates/IKC Certificates_unzipped/ben_jerryscertificate_-w.philly_2024 (1) (1) (1).pdf,ben_jerryscertificate_-w.philly_2024 (1) (1) (1).pdf,.pdf,127167,e6ebf70687e805c0809aed0ecbfdd113d63e33a8,ikc_certificate
IKC Certificates/IKC Certificates_unzipped/ben_jerryscertificate_-w.philly_2024 (1).pdf,/Users/meshulumort/Documents/mekor/rebuild-assets/raw2/Mekor Assests/IKC Certificates/IKC Certificates_unzipped/ben_jerryscertificate_-w.philly_2024 (1).pdf,ben_jerryscertificate_-w.philly_2024 (1).pdf,.pdf,125749,3c9be96bb8e0771dac0298fe40775678e80f2254,ikc_certificate
IKC Certificates/IKC Certificates_unzipped/blackbird_20thst_certificate_2024 (1) (1) (1).pdf,/Users/meshulumort/Documents/mekor/rebuild-assets/raw2/Mekor Assests/IKC Certificates/IKC Certificates_unzipped/blackbird_20thst_certificate_2024 (1) (1) (1).pdf,blackbird_20thst_certificate_2024 (1) (1) (1).pdf,.pdf,145110,9ed88550d65d91eefed03e7203a5c6f623ae5f74,ikc_certificate
IKC Certificates/IKC Certificates_unzipped/blackbird_20thst_certificate_2024 (1).pdf,/Users/meshulumort/Documents/mekor/rebuild-assets/raw2/Mekor Assests/IKC Certificates/IKC Certificates_unzipped/blackbird_20thst_certificate_2024 (1).pdf,blackbird_20thst_certificate_2024 (1).pdf,.pdf,142258,5ffbc3f5607899a1cb623fdbecb064af55e19ba3,ikc_certificate
IKC Certificates/IKC Certificates_unzipped/chana_strauss_dinner_speech_excerpt_12-2-22.pdf,/Users/meshulumort/Documents/mekor/rebuild-assets/raw2/Mekor Assests/IKC Certificates/IKC Certificates_unzipped/chana_strauss_dinner_speech_excerpt_12-2-22.pdf,chana_strauss_dinner_speech_excerpt_12-2-22.pdf,.pdf,56640,8ec79805bb1829cd0e6fc905afa857992bdc6c01,ikc_certificate
IKC Certificates/IKC Certificates_unzipped/charlie_2024_certificate (1) (1).pdf,/Users/meshulumort/Documents/mekor/rebuild-assets/raw2/Mekor Assests/IKC Certificates/IKC Certificates_unzipped/charlie_2024_certificate (1) (1).pdf,charlie_2024_certificate (1) (1).pdf,.pdf,138995,a8e77e40a9152caeb3294c6f77f1982071ec5324,ikc_certificate
IKC Certificates/IKC Certificates_unzipped/charlie_2024_certificate.pdf,/Users/meshulumort/Documents/mekor/rebuild-assets/raw2/Mekor Assests/IKC Certificates/IKC Certificates_unzipped/charlie_2024_certificate.pdf,charlie_2024_certificate.pdf,.pdf,147848,73ff88aa46e9f18f4a0916f377f799b397788098,ikc_certificate
IKC Certificates/IKC Certificates_unzipped/dottiesdonuts 1.pdf,/Users/meshulumort/Documents/mekor/rebuild-assets/raw2/Mekor Assests/IKC Certificates/IKC Certificates_unzipped/dottiesdonuts 1.pdf,dottiesdonuts 1.pdf,.pdf,164156,664cc1547af8c4f9a799c7ede80147366c5cf353,ikc_certificate
IKC Certificates/IKC Certificates_unzipped/dottiesdonuts 2.pdf,/Users/meshulumort/Documents/mekor/rebuild-assets/raw2/Mekor Assests/IKC Certificates/IKC Certificates_unzipped/dottiesdonuts 2.pdf,dottiesdonuts 2.pdf,.pdf,165295,cdc6285f25979c7f26a9f360d1a99b12d96140cf,ikc_certificate
IKC Certificates/IKC Certificates_unzipped/dottiesdonuts 3.pdf,/Users/meshulumort/Documents/mekor/rebuild-assets/raw2/Mekor Assests/IKC Certificates/IKC Certificates_unzipped/dottiesdonuts 3.pdf,dottiesdonuts 3.pdf,.pdf,148511,95af4c29239bf9453f8c52ebadb319528cd28fc3,ikc_certificate
IKC Certificates/IKC Certificates_unzipped/dottiesdonuts_manayunk_certificate-website.pdf,/Users/meshulumort/Documents/mekor/rebuild-assets/raw2/Mekor Assests/IKC Certificates/IKC Certificates_unzipped/dottiesdonuts_manayunk_certificate-website.pdf,dottiesdonuts_manayunk_certificate-website.pdf,.pdf,140852,c681c6e942bee1ddadbe4b5ef0c26b854b5c7959,ikc_certificate
IKC Certificates/IKC Certificates_unzipped/dottiesdonuts_w.phila__certificate_2024 (1) (1).pdf,/Users/meshulumort/Documents/mekor/rebuild-assets/raw2/Mekor Assests/IKC Certificates/IKC Certificates_unzipped/dottiesdonuts_w.phila__certificate_2024 (1) (1).pdf,dottiesdonuts_w.phila__certificate_2024 (1) (1).pdf,.pdf,148511,95af4c29239bf9453f8c52ebadb319528cd28fc3,ikc_certificate
IKC Certificates/IKC Certificates_unzipped/dottiesdonuts_w.phila__certificate_2024.pdf,/Users/meshulumort/Documents/mekor/rebuild-assets/raw2/Mekor Assests/IKC Certificates/IKC Certificates_unzipped/dottiesdonuts_w.phila__certificate_2024.pdf,dottiesdonuts_w.phila__certificate_2024.pdf,.pdf,151931,6c5ade4a0aaa38929757efe5084b42246b774c93,ikc_certificate
IKC Certificates/IKC Certificates_unzipped/fitz_on_4th_2024 (1) (1) (1).pdf,/Users/meshulumort/Documents/mekor/rebuild-assets/raw2/Mekor Assests/IKC Certificates/IKC Certificates_unzipped/fitz_on_4th_2024 (1) (1) (1).pdf,fitz_on_4th_2024 (1) (1) (1).pdf,.pdf,142351,1c64c87ece53452cc92d6db871f02b4c00253f49,ikc_certificate
IKC Certificates/IKC Certificates_unzipped/fitz_on_4th_2024 (1).pdf,/Users/meshulumort/Documents/mekor/rebuild-assets/raw2/Mekor Assests/IKC Certificates/IKC Certificates_unzipped/fitz_on_4th_2024 (1).pdf,fitz_on_4th_2024 (1).pdf,.pdf,141960,3f220d363b5c262a80e0b6f4a74b120dd082334f,ikc_certificate
IKC Certificates/IKC Certificates_unzipped/goldie 5 locations.pdf,/Users/meshulumort/Documents/mekor/rebuild-assets/raw2/Mekor Assests/IKC Certificates/IKC Certificates_unzipped/goldie 5 locations.pdf,goldie 5 locations.pdf,.pdf,501801,781820cf0bafa2033af694cfdba57c79fe6b4f32,ikc_certificate
IKC Certificates/IKC Certificates_unzipped/goldie_fishtown_certificate-_2024 (1) (1).pdf,/Users/meshulumort/Documents/mekor/rebuild-assets/raw2/Mekor Assests/IKC Certificates/IKC Certificates_unzipped/goldie_fishtown_certificate-_2024 (1) (1).pdf,goldie_fishtown_certificate-_2024 (1) (1).pdf,.pdf,144160,833d6ad1bbdd30b635f0800ed7e9a866614af07f,ikc_certificate
IKC Certificates/IKC Certificates_unzipped/goldie_fishtown_certificate-_2024.pdf,/Users/meshulumort/Documents/mekor/rebuild-assets/raw2/Mekor Assests/IKC Certificates/IKC Certificates_unzipped/goldie_fishtown_certificate-_2024.pdf,goldie_fishtown_certificate-_2024.pdf,.pdf,152790,146e36966bdc7f244443b25ea09f21efb5790b02,ikc_certificate
IKC Certificates/IKC Certificates_unzipped/hip_city_veg_ardmore_cert_2022 (1).pdf,/Users/meshulumort/Documents/mekor/rebuild-assets/raw2/Mekor Assests/IKC Certificates/IKC Certificates_unzipped/hip_city_veg_ardmore_cert_2022 (1).pdf,hip_city_veg_ardmore_cert_2022 (1).pdf,.pdf,85736,6e79984b01333d7357d720dd9d1e0f15624ae512,ikc_certificate
IKC Certificates/IKC Certificates_unzipped/hipcityvegardmore_website.pdf,/Users/meshulumort/Documents/mekor/rebuild-assets/raw2/Mekor Assests/IKC Certificates/IKC Certificates_unzipped/hipcityvegardmore_website.pdf,hipcityvegardmore_website.pdf,.pdf,139780,33e87394a99d0e1de71c7faa91c7611dd587977b,ikc_certificate
IKC Certificates/IKC Certificates_unzipped/hipcityvegrittenhouse_2024 (1).pdf,/Users/meshulumort/Documents/mekor/rebuild-assets/raw2/Mekor Assests/IKC Certificates/IKC Certificates_unzipped/hipcityvegrittenhouse_2024 (1).pdf,hipcityvegrittenhouse_2024 (1).pdf,.pdf,141329,2f848db90b7b72bc90f4cdf1ea1179f97c9c626a,ikc_certificate
IKC Certificates/IKC Certificates_unzipped/joy_cafe_certificate_2024revd (1) (1) (1).pdf,/Users/meshulumort/Documents/mekor/rebuild-assets/raw2/Mekor Assests/IKC Certificates/IKC Certificates_unzipped/joy_cafe_certificate_2024revd (1) (1) (1).pdf,joy_cafe_certificate_2024revd (1) (1) (1).pdf,.pdf,144457,92aefe2756b5457a74be0b506357671f12c1347e,ikc_certificate
IKC Certificates/IKC Certificates_unzipped/joy_cafe_certificate_2024revd (1).pdf,/Users/meshulumort/Documents/mekor/rebuild-assets/raw2/Mekor Assests/IKC Certificates/IKC Certificates_unzipped/joy_cafe_certificate_2024revd (1).pdf,joy_cafe_certificate_2024revd (1).pdf,.pdf,143079,b4f1553813fc7da9f2983d93a9912ef6e7e03b2f,ikc_certificate
IKC Certificates/IKC Certificates_unzipped/kilwins_certificate_2024_-_website.pdf,/Users/meshulumort/Documents/mekor/rebuild-assets/raw2/Mekor Assests/IKC Certificates/IKC Certificates_unzipped/kilwins_certificate_2024_-_website.pdf,kilwins_certificate_2024_-_website.pdf,.pdf,135582,bb5c12d72d934b661570895701a8f6f6eb5cf7c3,ikc_certificate
IKC Certificates/IKC Certificates_unzipped/luhv_vegan_deli_at_reading_terminal_2024 (1) (1) (1).pdf,/Users/meshulumort/Documents/mekor/rebuild-assets/raw2/Mekor Assests/IKC Certificates/IKC Certificates_unzipped/luhv_vegan_deli_at_reading_terminal_2024 (1) (1) (1).pdf,luhv_vegan_deli_at_reading_terminal_2024 (1) (1) (1).pdf,.pdf,143632,1728858ab8c578a1d64c2b0ee107879e5b0afdfe,ikc_certificate
IKC Certificates/IKC Certificates_unzipped/luhv_vegan_deli_at_reading_terminal_2024 (1).pdf,/Users/meshulumort/Documents/mekor/rebuild-assets/raw2/Mekor Assests/IKC Certificates/IKC Certificates_unzipped/luhv_vegan_deli_at_reading_terminal_2024 (1).pdf,luhv_vegan_deli_at_reading_terminal_2024 (1).pdf,.pdf,142230,8b15aac24e01cb9fd527d0cc3a244e33b95ce072,ikc_certificate
IKC Certificates/IKC Certificates_unzipped/mekor_pesach_at_home_services_2024.docx,/Users/meshulumort/Documents/mekor/rebuild-assets/raw2/Mekor Assests/IKC Certificates/IKC Certificates_unzipped/mekor_pesach_at_home_services_2024.docx,mekor_pesach_at_home_services_2024.docx,.docx,20559,c8a52d34f86158e6de9ed144c2a6c10955f554f3,ikc_certificate
IKC Certificates/IKC Certificates_unzipped/p.s.___co._certification_2024 (1) (1).pdf,/Users/meshulumort/Documents/mekor/rebuild-assets/raw2/Mekor Assests/IKC Certificates/IKC Certificates_unzipped/p.s.___co._certification_2024 (1) (1).pdf,p.s.___co._certification_2024 (1) (1).pdf,.pdf,112099,7b8491501d6f0d69de106bac26ee143825ffac23,ikc_certificate
IKC Certificates/IKC Certificates_unzipped/p.s.___co._certification_2024.pdf,/Users/meshulumort/Documents/mekor/rebuild-assets/raw2/Mekor Assests/IKC Certificates/IKC Certificates_unzipped/p.s.___co._certification_2024.pdf,p.s.___co._certification_2024.pdf,.pdf,115076,792a420e4cbc81010784af4a86d167b440cc82ed,ikc_certificate
IKC Certificates/IKC Certificates_unzipped/rabbi_hirsch__2017_sermon_excerpt-_pd.pdf,/Users/meshulumort/Documents/mekor/rebuild-assets/raw2/Mekor Assests/IKC Certificates/IKC Certificates_unzipped/rabbi_hirsch__2017_sermon_excerpt-_pd.pdf,rabbi_hirsch__2017_sermon_excerpt-_pd.pdf,.pdf,72420,3304922893e7f4b39611fa60eacb945f48704e1b,ikc_certificate
IKC Certificates/IKC Certificates_unzipped/rachels_pantry_certificate_2024 (1) (1) (1).pdf,/Users/meshulumort/Documents/mekor/rebuild-assets/raw2/Mekor Assests/IKC Certificates/IKC Certificates_unzipped/rachels_pantry_certificate_2024 (1) (1) (1).pdf,rachels_pantry_certificate_2024 (1) (1) (1).pdf,.pdf,141839,71275decd316c08f753e24499320b2a194c7eb01,ikc_certificate
IKC Certificates/IKC Certificates_unzipped/rachels_pantry_certificate_2024 (1).pdf,/Users/meshulumort/Documents/mekor/rebuild-assets/raw2/Mekor Assests/IKC Certificates/IKC Certificates_unzipped/rachels_pantry_certificate_2024 (1).pdf,rachels_pantry_certificate_2024 (1).pdf,.pdf,140481,c07efcdc2922d3670d0f381402792ac2f2aec101,ikc_certificate
IKC Certificates/IKC Certificates_unzipped/ritas_kosher_certificate_2024_-website (1).pdf,/Users/meshulumort/Documents/mekor/rebuild-assets/raw2/Mekor Assests/IKC Certificates/IKC Certificates_unzipped/ritas_kosher_certificate_2024_-website (1).pdf,ritas_kosher_certificate_2024_-website (1).pdf,.pdf,129531,7d2b49623a5e9d5182cdbdc92a4180cd0d509b66,ikc_certificate
IKC Certificates/IKC Certificates_unzipped/ritas_kosher_certificate_2024_-website.pdf,/Users/meshulumort/Documents/mekor/rebuild-assets/raw2/Mekor Assests/IKC Certificates/IKC Certificates_unzipped/ritas_kosher_certificate_2024_-website.pdf,ritas_kosher_certificate_2024_-website.pdf,.pdf,129531,7d2b49623a5e9d5182cdbdc92a4180cd0d509b66,ikc_certificate
IKC Certificates/IKC Certificates_unzipped/the_chillybanana_certificate_2024 (1) (1).pdf,/Users/meshulumort/Documents/mekor/rebuild-assets/raw2/Mekor Assests/IKC Certificates/IKC Certificates_unzipped/the_chillybanana_certificate_2024 (1) (1).pdf,the_chillybanana_certificate_2024 (1) (1).pdf,.pdf,145915,7f634fc356149fd16b45e64c7920111ee73b116e,ikc_certificate
IKC Certificates/IKC Certificates_unzipped/the_chillybanana_certificate_2024.pdf,/Users/meshulumort/Documents/mekor/rebuild-assets/raw2/Mekor Assests/IKC Certificates/IKC Certificates_unzipped/the_chillybanana_certificate_2024.pdf,the_chillybanana_certificate_2024.pdf,.pdf,149255,7947f53c0612f19f8520cdc92b9a4a870ef75405,ikc_certificate
IKC Certificates/IKC Certificates_unzipped/unit_su_vege__certificate2024 (1).pdf,/Users/meshulumort/Documents/mekor/rebuild-assets/raw2/Mekor Assests/IKC Certificates/IKC Certificates_unzipped/unit_su_vege__certificate2024 (1).pdf,unit_su_vege__certificate2024 (1).pdf,.pdf,130914,820cd4e76b1a71cdcf47d5f58e46b927f9f1a993,ikc_certificate
Media-Images/Blog Posts Images/Cherry Hill_unzipped/20190928_145210.jpg,/Users/meshulumort/Documents/mekor/rebuild-assets/raw2/Mekor Assests/Media-Images/Blog Posts Images/Cherry Hill_unzipped/20190928_145210.jpg,20190928_145210.jpg,.jpg,46007,cdf3e265747d3eaf0d78db0f170b3435594985bc,blog_image
Media-Images/Blog Posts Images/Cherry Hill_unzipped/2021-07-04.jpg,/Users/meshulumort/Documents/mekor/rebuild-assets/raw2/Mekor Assests/Media-Images/Blog Posts Images/Cherry Hill_unzipped/2021-07-04.jpg,2021-07-04.jpg,.jpg,54793,4394ef8195bd1a8ec7826e050c1e98610c9351a7,blog_image
Media-Images/Blog Posts Images/Cherry Hill_unzipped/2022-01-20.jpg,/Users/meshulumort/Documents/mekor/rebuild-assets/raw2/Mekor Assests/Media-Images/Blog Posts Images/Cherry Hill_unzipped/2022-01-20.jpg,2022-01-20.jpg,.jpg,31159,82aa1306cecbd8c96a2cc5e4a1d21b7d60b2f774,blog_image
Media-Images/Blog Posts Images/Cherry Hill_unzipped/2022-11-07.jpg,/Users/meshulumort/Documents/mekor/rebuild-assets/raw2/Mekor Assests/Media-Images/Blog Posts Images/Cherry Hill_unzipped/2022-11-07.jpg,2022-11-07.jpg,.jpg,48578,594b93ddbfea8079ebc04796e56236ef0f87bd4f,blog_image
Media-Images/Blog Posts Images/Cherry Hill_unzipped/2023-01-05.jpg,/Users/meshulumort/Documents/mekor/rebuild-assets/raw2/Mekor Assests/Media-Images/Blog Posts Images/Cherry Hill_unzipped/2023-01-05.jpg,2023-01-05.jpg,.jpg,41052,e840ebd5841b7fecba203b26c5511e4a7c7954b6,blog_image
Media-Images/Blog Posts Images/Cherry Hill_unzipped/2024-11-03.jpg,/Users/meshulumort/Documents/mekor/rebuild-assets/raw2/Mekor Assests/Media-Images/Blog Posts Images/Cherry Hill_unzipped/2024-11-03.jpg,2024-11-03.jpg,.jpg,46640,0ad451cc0fbd7ba40fba5bde2216d2e6ec94b864,blog_image
Media-Images/Blog Posts Images/Cherry Hill_unzipped/MM outdoors.JPG,/Users/meshulumort/Documents/mekor/rebuild-assets/raw2/Mekor Assests/Media-Images/Blog Posts Images/Cherry Hill_unzipped/MM outdoors.JPG,MM outdoors.JPG,.jpg,134900,21c2df1d921241a8b75ac020057bce1cb274e819,blog_image
Media-Images/Blog Posts Images/Cherry Hill_unzipped/PXL_20210724_223710198.jpg,/Users/meshulumort/Documents/mekor/rebuild-assets/raw2/Mekor Assests/Media-Images/Blog Posts Images/Cherry Hill_unzipped/PXL_20210724_223710198.jpg,PXL_20210724_223710198.jpg,.jpg,238408,608f67c73040d210127a7f6ba76a4053d66f5322,blog_image
Media-Images/Blog Posts Images/Cherry Hill_unzipped/kexp-img-9683-edit_1.jpg,/Users/meshulumort/Documents/mekor/rebuild-assets/raw2/Mekor Assests/Media-Images/Blog Posts Images/Cherry Hill_unzipped/kexp-img-9683-edit_1.jpg,kexp-img-9683-edit_1.jpg,.jpg,17585,bd5924f18d37e979592efb7a2e1df9819955e7da,blog_image
Media-Images/Blog Posts Images/Cherry Hill_unzipped/screenshot-from-2021-08-30-19-45-26_1.png,/Users/meshulumort/Documents/mekor/rebuild-assets/raw2/Mekor Assests/Media-Images/Blog Posts Images/Cherry Hill_unzipped/screenshot-from-2021-08-30-19-45-26_1.png,screenshot-from-2021-08-30-19-45-26_1.png,.png,138184,2987a537f98e3706e757c56b25b21b3f5d281b8a,blog_image
Media-Images/Blog Posts Images/Cherry Hill_unzipped/unnamed.jpg,/Users/meshulumort/Documents/mekor/rebuild-assets/raw2/Mekor Assests/Media-Images/Blog Posts Images/Cherry Hill_unzipped/unnamed.jpg,unnamed.jpg,.jpg,61229,ad75409c43998fd29a8439502c22d3daeadd884b,blog_image
Media-Images/Blog Posts Images/City Center_unzipped/001_UPenn_int.JPG,/Users/meshulumort/Documents/mekor/rebuild-assets/raw2/Mekor Assests/Media-Images/Blog Posts Images/City Center_unzipped/001_UPenn_int.JPG,001_UPenn_int.JPG,.jpg,40289,6d85a4166d229dbe02d2de90c55f4a84d960f2d1,blog_image
Media-Images/Blog Posts Images/City Center_unzipped/20.jpg,/Users/meshulumort/Documents/mekor/rebuild-assets/raw2/Mekor Assests/Media-Images/Blog Posts Images/City Center_unzipped/20.jpg,20.jpg,.jpg,50974,a5ed43aac9799ffb0ed0badfb707fed35766ded3,blog_image
Media-Images/Blog Posts Images/City Center_unzipped/20170624-172056_orig (More Smaller).jpg,/Users/meshulumort/Documents/mekor/rebuild-assets/raw2/Mekor Assests/Media-Images/Blog Posts Images/City Center_unzipped/20170624-172056_orig (More Smaller).jpg,20170624-172056_orig (More Smaller).jpg,.jpg,41195,bd078f927ded01b8fcbe7454d65eaff4d15526c3,blog_image
Media-Images/Blog Posts Images/City Center_unzipped/2019-05-17.jpg,/Users/meshulumort/Documents/mekor/rebuild-assets/raw2/Mekor Assests/Media-Images/Blog Posts Images/City Center_unzipped/2019-05-17.jpg,2019-05-17.jpg,.jpg,62654,fec840bd4554fc7e5f395dd773f0b9c6389efeb3,blog_image
Media-Images/Blog Posts Images/City Center_unzipped/2022-05-14 (More Smaller).jpg,/Users/meshulumort/Documents/mekor/rebuild-assets/raw2/Mekor Assests/Media-Images/Blog Posts Images/City Center_unzipped/2022-05-14 (More Smaller).jpg,2022-05-14 (More Smaller).jpg,.jpg,55186,56d5a0f29592df37ab5e9213ccfb2f5c9670a7da,blog_image
Media-Images/Blog Posts Images/City Center_unzipped/2022-10-29 (More Smaller).jpg,/Users/meshulumort/Documents/mekor/rebuild-assets/raw2/Mekor Assests/Media-Images/Blog Posts Images/City Center_unzipped/2022-10-29 (More Smaller).jpg,2022-10-29 (More Smaller).jpg,.jpg,61851,afd58cdade0a3d885c7187de492c8b5eb8bd81e3,blog_image
Media-Images/Blog Posts Images/City Center_unzipped/2023-09-25 (Large).jpg,/Users/meshulumort/Documents/mekor/rebuild-assets/raw2/Mekor Assests/Media-Images/Blog Posts Images/City Center_unzipped/2023-09-25 (Large).jpg,2023-09-25 (Large).jpg,.jpg,314900,45e3b10262fe179ac33135efec86eae55fddf712,blog_image
Media-Images/Blog Posts Images/City Center_unzipped/2023-11-30.jpg,/Users/meshulumort/Documents/mekor/rebuild-assets/raw2/Mekor Assests/Media-Images/Blog Posts Images/City Center_unzipped/2023-11-30.jpg,2023-11-30.jpg,.jpg,83778,64d7106a4e0b64f6763673796d1dfad5c3585dcf,blog_image
Media-Images/Blog Posts Images/City Center_unzipped/2024-11-13.jpg,/Users/meshulumort/Documents/mekor/rebuild-assets/raw2/Mekor Assests/Media-Images/Blog Posts Images/City Center_unzipped/2024-11-13.jpg,2024-11-13.jpg,.jpg,43669,24ebd53da15cbf70263cdd0ba71f3d7ef943d801,blog_image
Media-Images/Blog Posts Images/City Center_unzipped/2024-11-15 (Large).jpg,/Users/meshulumort/Documents/mekor/rebuild-assets/raw2/Mekor Assests/Media-Images/Blog Posts Images/City Center_unzipped/2024-11-15 (Large).jpg,2024-11-15 (Large).jpg,.jpg,623494,4c79731fea2dcda3b88a05f5946c1bbf2c670da0,blog_image
Media-Images/Blog Posts Images/City Center_unzipped/2024-12-12 (More Smaller).jpg,/Users/meshulumort/Documents/mekor/rebuild-assets/raw2/Mekor Assests/Media-Images/Blog Posts Images/City Center_unzipped/2024-12-12 (More Smaller).jpg,2024-12-12 (More Smaller).jpg,.jpg,42266,dc024946d75bc81e791536e2a0b3bdcde7e0a767,blog_image
Media-Images/Blog Posts Images/City Center_unzipped/2025-01-07.jpg,/Users/meshulumort/Documents/mekor/rebuild-assets/raw2/Mekor Assests/Media-Images/Blog Posts Images/City Center_unzipped/2025-01-07.jpg,2025-01-07.jpg,.jpg,113263,606e59cad274f227902d20df4c12d4e1ec1e09e7,blog_image
Media-Images/Blog Posts Images/City Center_unzipped/2025-04-02.jpg,/Users/meshulumort/Documents/mekor/rebuild-assets/raw2/Mekor Assests/Media-Images/Blog Posts Images/City Center_unzipped/2025-04-02.jpg,2025-04-02.jpg,.jpg,50025,94d6ced7e52488730192caddb364a2bf0d9d4a98,blog_image
Media-Images/Blog Posts Images/City Center_unzipped/2994_015 (More Smaller).JPG,/Users/meshulumort/Documents/mekor/rebuild-assets/raw2/Mekor Assests/Media-Images/Blog Posts Images/City Center_unzipped/2994_015 (More Smaller).JPG,2994_015 (More Smaller).JPG,.jpg,51429,e5c8e6d35efca4ae8741420f988ceed0e65ecc2e,blog_image
Media-Images/Blog Posts Images/City Center_unzipped/472874816_18047064302469507_507376375992382334_n.jpg,/Users/meshulumort/Documents/mekor/rebuild-assets/raw2/Mekor Assests/Media-Images/Blog Posts Images/City Center_unzipped/472874816_18047064302469507_507376375992382334_n.jpg,472874816_18047064302469507_507376375992382334_n.jpg,.jpg,70770,f9e698f82afd8103acc9a6162aa8816c97e25c49,blog_image
Media-Images/Blog Posts Images/City Center_unzipped/Casa Borinqueña.jpeg,/Users/meshulumort/Documents/mekor/rebuild-assets/raw2/Mekor Assests/Media-Images/Blog Posts Images/City Center_unzipped/Casa Borinqueña.jpeg,Casa Borinqueña.jpeg,.jpeg,97214,2ffc9fa9c4a759ddc0023d9bec31fd8e7de6c350,blog_image
Media-Images/Blog Posts Images/City Center_unzipped/E85FFE49-750A-496A-94B2-8A06A377422D.jpeg,/Users/meshulumort/Documents/mekor/rebuild-assets/raw2/Mekor Assests/Media-Images/Blog Posts Images/City Center_unzipped/E85FFE49-750A-496A-94B2-8A06A377422D.jpeg,E85FFE49-750A-496A-94B2-8A06A377422D.jpeg,.jpeg,50405,ebc21b4649cd26233a9b3cadd952eebe843563bc,blog_image
Media-Images/Blog Posts Images/City Center_unzipped/FEFD5C7E-A5FA-4348-9E4F-6362D5E14B5A.jpg,/Users/meshulumort/Documents/mekor/rebuild-assets/raw2/Mekor Assests/Media-Images/Blog Posts Images/City Center_unzipped/FEFD5C7E-A5FA-4348-9E4F-6362D5E14B5A.jpg,FEFD5C7E-A5FA-4348-9E4F-6362D5E14B5A.jpg,.jpg,33429,e1afc9c5845a9c38917f46c0685e81530a746b62,blog_image
Media-Images/Blog Posts Images/City Center_unzipped/IMG_2725 (More Smaller).JPG,/Users/meshulumort/Documents/mekor/rebuild-assets/raw2/Mekor Assests/Media-Images/Blog Posts Images/City Center_unzipped/IMG_2725 (More Smaller).JPG,IMG_2725 (More Smaller).JPG,.jpg,24318,de1f395c0c0c8ff09460e9d235e71bb67933ea57,blog_image
Media-Images/Blog Posts Images/City Center_unzipped/IMG_3382.jpeg,/Users/meshulumort/Documents/mekor/rebuild-assets/raw2/Mekor Assests/Media-Images/Blog Posts Images/City Center_unzipped/IMG_3382.jpeg,IMG_3382.jpeg,.jpeg,121711,44d7b325c80179f79bffb96de7a866beb33742ff,blog_image
Media-Images/Blog Posts Images/City Center_unzipped/IMG_7036.jpg,/Users/meshulumort/Documents/mekor/rebuild-assets/raw2/Mekor Assests/Media-Images/Blog Posts Images/City Center_unzipped/IMG_7036.jpg,IMG_7036.jpg,.jpg,64317,224701c9a422dc9e0a2cfa6d1098168c30eaa5c4,blog_image
Media-Images/Blog Posts Images/City Center_unzipped/IMG_9082.jpg,/Users/meshulumort/Documents/mekor/rebuild-assets/raw2/Mekor Assests/Media-Images/Blog Posts Images/City Center_unzipped/IMG_9082.jpg,IMG_9082.jpg,.jpg,53839,4a78c415504731c8a6ff5bc8143e9e41e9770846,blog_image
Media-Images/Blog Posts Images/City Center_unzipped/KosherCorner_LocationAlt_1137x640.avif,/Users/meshulumort/Documents/mekor/rebuild-assets/raw2/Mekor Assests/Media-Images/Blog Posts Images/City Center_unzipped/KosherCorner_LocationAlt_1137x640.avif,KosherCorner_LocationAlt_1137x640.avif,.avif,39875,99b0438867bd4c6065840334ad2a06279276067b,blog_image
Media-Images/Blog Posts Images/City Center_unzipped/LifestyleKitchenVanillaFudge_1920x1920.webp,/Users/meshulumort/Documents/mekor/rebuild-assets/raw2/Mekor Assests/Media-Images/Blog Posts Images/City Center_unzipped/LifestyleKitchenVanillaFudge_1920x1920.webp,LifestyleKitchenVanillaFudge_1920x1920.webp,.webp,134410,b667df8555a72fed0de45d18968abb68a77bc1c9,blog_image
Media-Images/Blog Posts Images/City Center_unzipped/PXL_20230223_162540334.jpg,/Users/meshulumort/Documents/mekor/rebuild-assets/raw2/Mekor Assests/Media-Images/Blog Posts Images/City Center_unzipped/PXL_20230223_162540334.jpg,PXL_20230223_162540334.jpg,.jpg,44969,d945ea88397c38cc5eeffddb593aa5a0a29935f7,blog_image
Media-Images/Blog Posts Images/City Center_unzipped/PXL_20240506_144438384.jpg,/Users/meshulumort/Documents/mekor/rebuild-assets/raw2/Mekor Assests/Media-Images/Blog Posts Images/City Center_unzipped/PXL_20240506_144438384.jpg,PXL_20240506_144438384.jpg,.jpg,82663,bd426f2a1a2b9672dba2aa58077f45222f5193eb,blog_image
Media-Images/Blog Posts Images/City Center_unzipped/Screenshot_3 (Medium).png,/Users/meshulumort/Documents/mekor/rebuild-assets/raw2/Mekor Assests/Media-Images/Blog Posts Images/City Center_unzipped/Screenshot_3 (Medium).png,Screenshot_3 (Medium).png,.png,203308,815bdaaeca4b7ab648fc1f6541fb76f36cd0eebe,blog_image
Media-Images/Blog Posts Images/City Center_unzipped/Screenshot_4 (Small).png,/Users/meshulumort/Documents/mekor/rebuild-assets/raw2/Mekor Assests/Media-Images/Blog Posts Images/City Center_unzipped/Screenshot_4 (Small).png,Screenshot_4 (Small).png,.png,712497,815258c4f888ac399925287c702db2c6df162f23,blog_image
Media-Images/Blog Posts Images/City Center_unzipped/Screenshot_6 (More Smaller).png,/Users/meshulumort/Documents/mekor/rebuild-assets/raw2/Mekor Assests/Media-Images/Blog Posts Images/City Center_unzipped/Screenshot_6 (More Smaller).png,Screenshot_6 (More Smaller).png,.png,225126,cf13ea7de65ef8f0429cd97e1e0fed507f749fb6,blog_image
Media-Images/Blog Posts Images/City Center_unzipped/YFeh11395914 (More Smaller).png,/Users/meshulumort/Documents/mekor/rebuild-assets/raw2/Mekor Assests/Media-Images/Blog Posts Images/City Center_unzipped/YFeh11395914 (More Smaller).png,YFeh11395914 (More Smaller).png,.png,227539,b230e48961403a033880e56088bbf5ca85f31d9d,blog_image
Media-Images/Blog Posts Images/City Center_unzipped/_DSC0052 (3).jpg,/Users/meshulumort/Documents/mekor/rebuild-assets/raw2/Mekor Assests/Media-Images/Blog Posts Images/City Center_unzipped/_DSC0052 (3).jpg,_DSC0052 (3).jpg,.jpg,81426,c614ef09005b0f59020df48223538ee18c181b22,blog_image
Media-Images/Blog Posts Images/City Center_unzipped/exterior.jpg,/Users/meshulumort/Documents/mekor/rebuild-assets/raw2/Mekor Assests/Media-Images/Blog Posts Images/City Center_unzipped/exterior.jpg,exterior.jpg,.jpg,48162,8914f582aac555bc7d984950d6b360e8ac497e09,blog_image
Media-Images/Blog Posts Images/City Center_unzipped/fd1LUHV06-c.jpg,/Users/meshulumort/Documents/mekor/rebuild-assets/raw2/Mekor Assests/Media-Images/Blog Posts Images/City Center_unzipped/fd1LUHV06-c.jpg,fd1LUHV06-c.jpg,.jpg,44580,512f14107896397f1a4d179d6284a0ec121d5e2f,blog_image
Media-Images/Blog Posts Images/City Center_unzipped/imgi_19_AC9h4nrLS6z3bzku8E3S96v1SMI9w62RcUQGr3ifn7O3RnYCWzGT_7_yJngTWL3eRYh2nI55bOWj3F5XqA4kzWgeYoo93-BjAfLSEX-89vkthA5ocQNSJgHWd3RV9cbM1XX9-9_M11ktHQ=s508-k-no.jpg,/Users/meshulumort/Documents/mekor/rebuild-assets/raw2/Mekor Assests/Media-Images/Blog Posts Images/City Center_unzipped/imgi_19_AC9h4nrLS6z3bzku8E3S96v1SMI9w62RcUQGr3ifn7O3RnYCWzGT_7_yJngTWL3eRYh2nI55bOWj3F5XqA4kzWgeYoo93-BjAfLSEX-89vkthA5ocQNSJgHWd3RV9cbM1XX9-9_M11ktHQ=s508-k-no.jpg,imgi_19_AC9h4nrLS6z3bzku8E3S96v1SMI9w62RcUQGr3ifn7O3RnYCWzGT_7_yJngTWL3eRYh2nI55bOWj3F5XqA4kzWgeYoo93-BjAfLSEX-89vkthA5ocQNSJgHWd3RV9cbM1XX9-9_M11ktHQ=s508-k-no.jpg,.jpg,34679,0d62988631af42cc5875cd5a0e7beea6a8d003fd,blog_image
Media-Images/Blog Posts Images/City Center_unzipped/imgi_6_AG0ilSxW7LX9qRnRUalCyIYCxiz2oyMZTl4yRt09qvzKAgCsMd-a0MmuekczBkTcLJd66EAbZtlfcCFTdtqDNJFhUHdBnHghYzhD5gK8dRRoHmSyu6lg8iG4VYQfN2n6NkLzIrVGMTrKOHwBgKuu=w203-h270.jpg,/Users/meshulumort/Documents/mekor/rebuild-assets/raw2/Mekor Assests/Media-Images/Blog Posts Images/City Center_unzipped/imgi_6_AG0ilSxW7LX9qRnRUalCyIYCxiz2oyMZTl4yRt09qvzKAgCsMd-a0MmuekczBkTcLJd66EAbZtlfcCFTdtqDNJFhUHdBnHghYzhD5gK8dRRoHmSyu6lg8iG4VYQfN2n6NkLzIrVGMTrKOHwBgKuu=w203-h270.jpg,imgi_6_AG0ilSxW7LX9qRnRUalCyIYCxiz2oyMZTl4yRt09qvzKAgCsMd-a0MmuekczBkTcLJd66EAbZtlfcCFTdtqDNJFhUHdBnHghYzhD5gK8dRRoHmSyu6lg8iG4VYQfN2n6NkLzIrVGMTrKOHwBgKuu=w203-h270.jpg,.jpg,23999,5d6d7fb3cdb60cff0da7513d195f70c35d54d2c4,blog_image
Media-Images/Blog Posts Images/City Center_unzipped/location_01.jpg,/Users/meshulumort/Documents/mekor/rebuild-assets/raw2/Mekor Assests/Media-Images/Blog Posts Images/City Center_unzipped/location_01.jpg,location_01.jpg,.jpg,40135,848759e9bf31808be20079bc4a6b8586099e4a58,blog_image
Media-Images/Blog Posts Images/City Center_unzipped/location_02.jpg,/Users/meshulumort/Documents/mekor/rebuild-assets/raw2/Mekor Assests/Media-Images/Blog Posts Images/City Center_unzipped/location_02.jpg,location_02.jpg,.jpg,46319,a478e272f4b8c5979e26e27a73963c3b98ed27f0,blog_image
Media-Images/Blog Posts Images/City Center_unzipped/location_03.jpg,/Users/meshulumort/Documents/mekor/rebuild-assets/raw2/Mekor Assests/Media-Images/Blog Posts Images/City Center_unzipped/location_03.jpg,location_03.jpg,.jpg,44620,0ea06994d18cbf2793a95814f05ee5fe440264fe,blog_image
Media-Images/Blog Posts Images/City Center_unzipped/location_04.jpg,/Users/meshulumort/Documents/mekor/rebuild-assets/raw2/Mekor Assests/Media-Images/Blog Posts Images/City Center_unzipped/location_04.jpg,location_04.jpg,.jpg,587893,79013772179cb4a546d1675369fc0a6393d66b46,blog_image
Media-Images/Blog Posts Images/City Center_unzipped/location_05.jpg,/Users/meshulumort/Documents/mekor/rebuild-assets/raw2/Mekor Assests/Media-Images/Blog Posts Images/City Center_unzipped/location_05.jpg,location_05.jpg,.jpg,44098,1576755abc5e22e1b1f79c5eda01f3cd538ee1a4,blog_image
Media-Images/Blog Posts Images/City Center_unzipped/unnamed (More Smaller).jpg,/Users/meshulumort/Documents/mekor/rebuild-assets/raw2/Mekor Assests/Media-Images/Blog Posts Images/City Center_unzipped/unnamed (More Smaller).jpg,unnamed (More Smaller).jpg,.jpg,53282,0a95c6deeef843c724ab07e5c436e9be5bf7d071,blog_image
Media-Images/Blog Posts Images/City Center_unzipped/unnamed.jpg,/Users/meshulumort/Documents/mekor/rebuild-assets/raw2/Mekor Assests/Media-Images/Blog Posts Images/City Center_unzipped/unnamed.jpg,unnamed.jpg,.jpg,98271,6b8dd23fb8aec3b20e0ca50b619cfe67bd5f59e2,blog_image
Media-Images/Blog Posts Images/Main Line_Manayunk_unzipped/2020-07-16.jpg,/Users/meshulumort/Documents/mekor/rebuild-assets/raw2/Mekor Assests/Media-Images/Blog Posts Images/Main Line_Manayunk_unzipped/2020-07-16.jpg,2020-07-16.jpg,.jpg,67935,87183205e8ba13ad80ae74046a44c9639f0f41fc,blog_image
Media-Images/Blog Posts Images/Main Line_Manayunk_unzipped/2020-10-17.jpg,/Users/meshulumort/Documents/mekor/rebuild-assets/raw2/Mekor Assests/Media-Images/Blog Posts Images/Main Line_Manayunk_unzipped/2020-10-17.jpg,2020-10-17.jpg,.jpg,66487,5dd90fab3432614cdcf3421b88dfaba8d2bb5a69,blog_image
Media-Images/Blog Posts Images/Main Line_Manayunk_unzipped/2022-11-02.jpg,/Users/meshulumort/Documents/mekor/rebuild-assets/raw2/Mekor Assests/Media-Images/Blog Posts Images/Main Line_Manayunk_unzipped/2022-11-02.jpg,2022-11-02.jpg,.jpg,67602,a325ffe8ff329b663373d6341b14b874ba08cedc,blog_image
Media-Images/Blog Posts Images/Main Line_Manayunk_unzipped/2023-03-23.jpg,/Users/meshulumort/Documents/mekor/rebuild-assets/raw2/Mekor Assests/Media-Images/Blog Posts Images/Main Line_Manayunk_unzipped/2023-03-23.jpg,2023-03-23.jpg,.jpg,81674,cfeaa6c81dfbc610fffaec92f1545e02a838e3a6,blog_image
Media-Images/Blog Posts Images/Main Line_Manayunk_unzipped/2023-04-20.jpg,/Users/meshulumort/Documents/mekor/rebuild-assets/raw2/Mekor Assests/Media-Images/Blog Posts Images/Main Line_Manayunk_unzipped/2023-04-20.jpg,2023-04-20.jpg,.jpg,70163,b192caee0abfcbd26e6ea2d9b3d04418431f9856,blog_image
Media-Images/Blog Posts Images/Main Line_Manayunk_unzipped/2023-05-24 (More Smaller).jpg,/Users/meshulumort/Documents/mekor/rebuild-assets/raw2/Mekor Assests/Media-Images/Blog Posts Images/Main Line_Manayunk_unzipped/2023-05-24 (More Smaller).jpg,2023-05-24 (More Smaller).jpg,.jpg,57407,3ee8bee6d914e0925ed8178a36fbc7a95538bc66,blog_image
Media-Images/Blog Posts Images/Main Line_Manayunk_unzipped/2023-05-26.jpg,/Users/meshulumort/Documents/mekor/rebuild-assets/raw2/Mekor Assests/Media-Images/Blog Posts Images/Main Line_Manayunk_unzipped/2023-05-26.jpg,2023-05-26.jpg,.jpg,116226,283b107623cbacba0b6bfa440b004b6f41e72214,blog_image
Media-Images/Blog Posts Images/Main Line_Manayunk_unzipped/2023-07-17.jpg,/Users/meshulumort/Documents/mekor/rebuild-assets/raw2/Mekor Assests/Media-Images/Blog Posts Images/Main Line_Manayunk_unzipped/2023-07-17.jpg,2023-07-17.jpg,.jpg,74576,790ce8371416bc54d77ef9f1aa34a1ad50de30db,blog_image
Media-Images/Blog Posts Images/Main Line_Manayunk_unzipped/2023-08-09.jpg,/Users/meshulumort/Documents/mekor/rebuild-assets/raw2/Mekor Assests/Media-Images/Blog Posts Images/Main Line_Manayunk_unzipped/2023-08-09.jpg,2023-08-09.jpg,.jpg,75080,785988a8214676cc010c9cfe272e698fcd0a0920,blog_image
Media-Images/Blog Posts Images/Main Line_Manayunk_unzipped/Bala-Cynwyd-1_1080x1080.jpg,/Users/meshulumort/Documents/mekor/rebuild-assets/raw2/Mekor Assests/Media-Images/Blog Posts Images/Main Line_Manayunk_unzipped/Bala-Cynwyd-1_1080x1080.jpg,Bala-Cynwyd-1_1080x1080.jpg,.jpg,61802,2fe4eef2e883357b08aadbf450437d005222b6a5,blog_image
Media-Images/Blog Posts Images/Main Line_Manayunk_unzipped/IMG_6798.jpg,/Users/meshulumort/Documents/mekor/rebuild-assets/raw2/Mekor Assests/Media-Images/Blog Posts Images/Main Line_Manayunk_unzipped/IMG_6798.jpg,IMG_6798.jpg,.jpg,38037,7ccbf2f322309af36599ba902463cb8094c54693,blog_image
Media-Images/Blog Posts Images/Main Line_Manayunk_unzipped/IMG_8371.jpg,/Users/meshulumort/Documents/mekor/rebuild-assets/raw2/Mekor Assests/Media-Images/Blog Posts Images/Main Line_Manayunk_unzipped/IMG_8371.jpg,IMG_8371.jpg,.jpg,76515,9cc027405486db23a37c3dbc2ff47c7135a17e23,blog_image
Media-Images/Blog Posts Images/Main Line_Manayunk_unzipped/IMG_9082.jpg,/Users/meshulumort/Documents/mekor/rebuild-assets/raw2/Mekor Assests/Media-Images/Blog Posts Images/Main Line_Manayunk_unzipped/IMG_9082.jpg,IMG_9082.jpg,.jpg,53839,4a78c415504731c8a6ff5bc8143e9e41e9770846,blog_image
Media-Images/Blog Posts Images/Main Line_Manayunk_unzipped/unnamed.jpg,/Users/meshulumort/Documents/mekor/rebuild-assets/raw2/Mekor Assests/Media-Images/Blog Posts Images/Main Line_Manayunk_unzipped/unnamed.jpg,unnamed.jpg,.jpg,32980,1b45b20905cdb130c9f95f244f6c96c0add82fb7,blog_image
Media-Images/Blog Posts Images/Old York Road_Northeast_unzipped/2018-09-27.jpg,/Users/meshulumort/Documents/mekor/rebuild-assets/raw2/Mekor Assests/Media-Images/Blog Posts Images/Old York Road_Northeast_unzipped/2018-09-27.jpg,2018-09-27.jpg,.jpg,37623,a0c0e9ac52740de68762bd5fa8523c616f12c1e5,blog_image
Media-Images/Blog Posts Images/Old York Road_Northeast_unzipped/2019-05-21.jpg,/Users/meshulumort/Documents/mekor/rebuild-assets/raw2/Mekor Assests/Media-Images/Blog Posts Images/Old York Road_Northeast_unzipped/2019-05-21.jpg,2019-05-21.jpg,.jpg,58317,b96f294d687590fe2f9b2350bac09d0577f5c34e,blog_image
Media-Images/Blog Posts Images/Old York Road_Northeast_unzipped/2020-01-13 (More Smaller).jpg,/Users/meshulumort/Documents/mekor/rebuild-assets/raw2/Mekor Assests/Media-Images/Blog Posts Images/Old York Road_Northeast_unzipped/2020-01-13 (More Smaller).jpg,2020-01-13 (More Smaller).jpg,.jpg,37374,a3235402b96a502f1b50df6f050f1fb68916dab9,blog_image
Media-Images/Blog Posts Images/Old York Road_Northeast_unzipped/2021-11-19.jpg,/Users/meshulumort/Documents/mekor/rebuild-assets/raw2/Mekor Assests/Media-Images/Blog Posts Images/Old York Road_Northeast_unzipped/2021-11-19.jpg,2021-11-19.jpg,.jpg,76334,5993faf2df454c2c2362dacb366ac5627c3580d4,blog_image
Media-Images/Blog Posts Images/Old York Road_Northeast_unzipped/2021-12-07.jpg,/Users/meshulumort/Documents/mekor/rebuild-assets/raw2/Mekor Assests/Media-Images/Blog Posts Images/Old York Road_Northeast_unzipped/2021-12-07.jpg,2021-12-07.jpg,.jpg,43586,c3beb146e4feaa8f873f1a1d2183bd21c9063a74,blog_image
Media-Images/Blog Posts Images/Old York Road_Northeast_unzipped/2023-04-08 (More Smaller).jpg,/Users/meshulumort/Documents/mekor/rebuild-assets/raw2/Mekor Assests/Media-Images/Blog Posts Images/Old York Road_Northeast_unzipped/2023-04-08 (More Smaller).jpg,2023-04-08 (More Smaller).jpg,.jpg,46748,2a365260c4a3ad37fe8f5bd7d4aa9c17e490944c,blog_image
Media-Images/Blog Posts Images/Old York Road_Northeast_unzipped/2023-04-14.jpg,/Users/meshulumort/Documents/mekor/rebuild-assets/raw2/Mekor Assests/Media-Images/Blog Posts Images/Old York Road_Northeast_unzipped/2023-04-14.jpg,2023-04-14.jpg,.jpg,77836,157af7a9ee84700dd17a929bc2a0b019e574990e,blog_image
Media-Images/Blog Posts Images/Old York Road_Northeast_unzipped/2023-05-26.jpg,/Users/meshulumort/Documents/mekor/rebuild-assets/raw2/Mekor Assests/Media-Images/Blog Posts Images/Old York Road_Northeast_unzipped/2023-05-26.jpg,2023-05-26.jpg,.jpg,88813,80de9a43dfb723aa0c73a6d05c3e64e2714cbc82,blog_image
Media-Images/Blog Posts Images/Old York Road_Northeast_unzipped/2023-06-15 (More Smaller).jpg,/Users/meshulumort/Documents/mekor/rebuild-assets/raw2/Mekor Assests/Media-Images/Blog Posts Images/Old York Road_Northeast_unzipped/2023-06-15 (More Smaller).jpg,2023-06-15 (More Smaller).jpg,.jpg,47301,80bca828a2b97c6b2e74e9f2cebd57fa45e4de0a,blog_image
Media-Images/Blog Posts Images/Old York Road_Northeast_unzipped/2023-09-14.jpg,/Users/meshulumort/Documents/mekor/rebuild-assets/raw2/Mekor Assests/Media-Images/Blog Posts Images/Old York Road_Northeast_unzipped/2023-09-14.jpg,2023-09-14.jpg,.jpg,55562,723676d532d574975c6ddec7885585927d5777e2,blog_image
Media-Images/Blog Posts Images/Old York Road_Northeast_unzipped/58_orig.jpg,/Users/meshulumort/Documents/mekor/rebuild-assets/raw2/Mekor Assests/Media-Images/Blog Posts Images/Old York Road_Northeast_unzipped/58_orig.jpg,58_orig.jpg,.jpg,12095,6fb4db936f4dc69348428eab1212271881fa2c00,blog_image
Media-Images/Blog Posts Images/Old York Road_Northeast_unzipped/60.jpg,/Users/meshulumort/Documents/mekor/rebuild-assets/raw2/Mekor Assests/Media-Images/Blog Posts Images/Old York Road_Northeast_unzipped/60.jpg,60.jpg,.jpg,20662,2b6b1b841b53ae7c5bc40ab0822c6af694e3718b,blog_image
Media-Images/Blog Posts Images/Screenshot_1.png,/Users/meshulumort/Documents/mekor/rebuild-assets/raw2/Mekor Assests/Media-Images/Blog Posts Images/Screenshot_1.png,Screenshot_1.png,.png,351666,8a1e36169d04cfcc1b8d41e4e0c6cfb938f11fc1,blog_image
Media-Images/Blog Posts Images/Screenshot_2.png,/Users/meshulumort/Documents/mekor/rebuild-assets/raw2/Mekor Assests/Media-Images/Blog Posts Images/Screenshot_2.png,Screenshot_2.png,.png,347037,0e285dfcfbb2e2f8744a768fd207b7716db66942,blog_image
Media-Images/Blog Posts Images/Screenshot_3.png,/Users/meshulumort/Documents/mekor/rebuild-assets/raw2/Mekor Assests/Media-Images/Blog Posts Images/Screenshot_3.png,Screenshot_3.png,.png,182060,23213696c1d6a004f29c53a6a68123306414daf3,blog_image
Media-Images/Board Members_unzipped/Bruce.jpeg,/Users/meshulumort/Documents/mekor/rebuild-assets/raw2/Mekor Assests/Media-Images/Board Members_unzipped/Bruce.jpeg,Bruce.jpeg,.jpeg,15168,b6497333abbe6ef7a449377cdf040060bd26d326,leadership_image
Media-Images/Board Members_unzipped/Chana.jpeg,/Users/meshulumort/Documents/mekor/rebuild-assets/raw2/Mekor Assests/Media-Images/Board Members_unzipped/Chana.jpeg,Chana.jpeg,.jpeg,16288,db6b81d33a6ef9a8fcf41c697ebddfbe20152c26,leadership_image
Media-Images/Board Members_unzipped/David.jpeg,/Users/meshulumort/Documents/mekor/rebuild-assets/raw2/Mekor Assests/Media-Images/Board Members_unzipped/David.jpeg,David.jpeg,.jpeg,1940408,79266435fd84ed009afac020ebf9c71b1dadabfe,leadership_image
Media-Images/Board Members_unzipped/Ellen.png,/Users/meshulumort/Documents/mekor/rebuild-assets/raw2/Mekor Assests/Media-Images/Board Members_unzipped/Ellen.png,Ellen.png,.png,109730,2a96570e2b55701a37f7bba6d8f6c4065bb89270,leadership_image
Media-Images/Board Members_unzipped/Ethan.jpg,/Users/meshulumort/Documents/mekor/rebuild-assets/raw2/Mekor Assests/Media-Images/Board Members_unzipped/Ethan.jpg,Ethan.jpg,.jpg,864184,254ca2fa9fedac75bc8cadcd4dc2b5abe81e6f53,leadership_image
Media-Images/Board Members_unzipped/Jonathan.jpeg,/Users/meshulumort/Documents/mekor/rebuild-assets/raw2/Mekor Assests/Media-Images/Board Members_unzipped/Jonathan.jpeg,Jonathan.jpeg,.jpeg,782563,b04d816001d99bdad41f150683924a4c19fa2dd4,leadership_image
Media-Images/Board Members_unzipped/Miriam.jpeg,/Users/meshulumort/Documents/mekor/rebuild-assets/raw2/Mekor Assests/Media-Images/Board Members_unzipped/Miriam.jpeg,Miriam.jpeg,.jpeg,15036,a2122f3525413c7da063b03ff4e1bcf6eab22e6a,leadership_image
Media-Images/Board Members_unzipped/NR_Profile_edited.jpg,/Users/meshulumort/Documents/mekor/rebuild-assets/raw2/Mekor Assests/Media-Images/Board Members_unzipped/NR_Profile_edited.jpg,NR_Profile_edited.jpg,.jpg,13048,3ad33eeec419faf58c309e75e954067a84562159,leadership_image
Media-Images/Board Members_unzipped/Yoella.jpeg,/Users/meshulumort/Documents/mekor/rebuild-assets/raw2/Mekor Assests/Media-Images/Board Members_unzipped/Yoella.jpeg,Yoella.jpeg,.jpeg,11228,5978ae6ab8befaf46fba72d7e23dad05e89d56ad,leadership_image
Media-Images/Board Members_unzipped/jordan.jpeg,/Users/meshulumort/Documents/mekor/rebuild-assets/raw2/Mekor Assests/Media-Images/Board Members_unzipped/jordan.jpeg,jordan.jpeg,.jpeg,172652,4bad515f7e0ff5f9d9e781edd0f3f74b01ab8fa3,leadership_image
Media-Images/Board Members_unzipped/rabbi.jpeg,/Users/meshulumort/Documents/mekor/rebuild-assets/raw2/Mekor Assests/Media-Images/Board Members_unzipped/rabbi.jpeg,rabbi.jpeg,.jpeg,11916,8b8bb0e0e9bfd215720e8289d8a46ea61ccae71f,leadership_image
Media-Images/Random Pics_unzipped/9D84DEC1-8A82-4E7D-A137-A8973835D089.jpeg,/Users/meshulumort/Documents/mekor/rebuild-assets/raw2/Mekor Assests/Media-Images/Random Pics_unzipped/9D84DEC1-8A82-4E7D-A137-A8973835D089.jpeg,9D84DEC1-8A82-4E7D-A137-A8973835D089.jpeg,.jpeg,540087,0ea472867ece17ddc16a33319354583bbf88d8bb,event_or_community_image
Media-Images/Random Pics_unzipped/CJSTUDIOS_1493.jpg,/Users/meshulumort/Documents/mekor/rebuild-assets/raw2/Mekor Assests/Media-Images/Random Pics_unzipped/CJSTUDIOS_1493.jpg,CJSTUDIOS_1493.jpg,.jpg,1755182,c9f1f6e19a831ecba178fe8a4a37a130618bd145,event_or_community_image
Media-Images/Random Pics_unzipped/Chanukkah 2023.jpeg,/Users/meshulumort/Documents/mekor/rebuild-assets/raw2/Mekor Assests/Media-Images/Random Pics_unzipped/Chanukkah 2023.jpeg,Chanukkah 2023.jpeg,.jpeg,326830,45957b67f05dae62849d6eea96d2a92f0d922e48,event_or_community_image
Media-Images/Random Pics_unzipped/IMG_3871.jpg,/Users/meshulumort/Documents/mekor/rebuild-assets/raw2/Mekor Assests/Media-Images/Random Pics_unzipped/IMG_3871.jpg,IMG_3871.jpg,.jpg,1655110,113a8ccf63d5191bed64b2c7cbd40dae197a03df,event_or_community_image
Media-Images/Random Pics_unzipped/IMG_8332.jpg,/Users/meshulumort/Documents/mekor/rebuild-assets/raw2/Mekor Assests/Media-Images/Random Pics_unzipped/IMG_8332.jpg,IMG_8332.jpg,.jpg,1387697,506091e8de944716370613fdd9c2aa0dc462c514,event_or_community_image
Media-Images/Random Pics_unzipped/PXL_20221219_002137847.jpg,/Users/meshulumort/Documents/mekor/rebuild-assets/raw2/Mekor Assests/Media-Images/Random Pics_unzipped/PXL_20221219_002137847.jpg,PXL_20221219_002137847.jpg,.jpg,1686934,94895331085e337c8db31979a8cd897ad8e3c365,event_or_community_image
Media-Images/Random Pics_unzipped/PXL_20230127_010153771.NIGHT.jpg,/Users/meshulumort/Documents/mekor/rebuild-assets/raw2/Mekor Assests/Media-Images/Random Pics_unzipped/PXL_20230127_010153771.NIGHT.jpg,PXL_20230127_010153771.NIGHT.jpg,.jpg,1581073,b646f16697f3eacd5d0b3af153a511803e965f5b,event_or_community_image
Media-Images/Random Pics_unzipped/Purim 2023 All Smiles v2.HEIC,/Users/meshulumort/Documents/mekor/rebuild-assets/raw2/Mekor Assests/Media-Images/Random Pics_unzipped/Purim 2023 All Smiles v2.HEIC,Purim 2023 All Smiles v2.HEIC,.heic,2053191,0e643f78c767461b02e8cfab12090aa9d0b0cb28,event_or_community_image
Media-Images/Random Pics_unzipped/events.jpeg,/Users/meshulumort/Documents/mekor/rebuild-assets/raw2/Mekor Assests/Media-Images/Random Pics_unzipped/events.jpeg,events.jpeg,.jpeg,32561,e80db80e33b1bdd786ac65870b0502df4508ebe5,event_or_community_image
Media-Images/Random Pics_unzipped/kiddush pic.jpeg,/Users/meshulumort/Documents/mekor/rebuild-assets/raw2/Mekor Assests/Media-Images/Random Pics_unzipped/kiddush pic.jpeg,kiddush pic.jpeg,.jpeg,117743,e8b4f33ed080a66cf8a039381f20d28915cdca2e,event_or_community_image
Media-Images/Stock images_unzipped/03bc1ca6-099c-4064-943d-0c1b1e7f7723 (Medium).jpeg,/Users/meshulumort/Documents/mekor/rebuild-assets/raw2/Mekor Assests/Media-Images/Stock images_unzipped/03bc1ca6-099c-4064-943d-0c1b1e7f7723 (Medium).jpeg,03bc1ca6-099c-4064-943d-0c1b1e7f7723 (Medium).jpeg,.jpeg,162064,4c2bb61e43e3725490ccf2d454906faaf001c2d1,stock_image
Media-Images/Stock images_unzipped/1cb6afc2-c51d-4855-9490-d8d5072bd1d7 (Medium).jpeg,/Users/meshulumort/Documents/mekor/rebuild-assets/raw2/Mekor Assests/Media-Images/Stock images_unzipped/1cb6afc2-c51d-4855-9490-d8d5072bd1d7 (Medium).jpeg,1cb6afc2-c51d-4855-9490-d8d5072bd1d7 (Medium).jpeg,.jpeg,308576,7a7fa9729cb47310277a51b48fedd698014085bd,stock_image
Media-Images/Stock images_unzipped/40c2bd34-ed87-4894-bf34-e6bac966c9c9 (Medium).jpeg,/Users/meshulumort/Documents/mekor/rebuild-assets/raw2/Mekor Assests/Media-Images/Stock images_unzipped/40c2bd34-ed87-4894-bf34-e6bac966c9c9 (Medium).jpeg,40c2bd34-ed87-4894-bf34-e6bac966c9c9 (Medium).jpeg,.jpeg,161551,8cf054582330d71453de59eb5f9f12c9b16da151,stock_image
Media-Images/Stock images_unzipped/5e1c044e-c36a-4cba-ac59-5f10fb713aa6 (Medium).jpeg,/Users/meshulumort/Documents/mekor/rebuild-assets/raw2/Mekor Assests/Media-Images/Stock images_unzipped/5e1c044e-c36a-4cba-ac59-5f10fb713aa6 (Medium).jpeg,5e1c044e-c36a-4cba-ac59-5f10fb713aa6 (Medium).jpeg,.jpeg,163845,905de6a15c72c2391bbae7094b5a9eb1a62cbb8c,stock_image
Media-Images/Stock images_unzipped/678b35bb-3578-419e-ba84-c81cc8a8facf (Medium).jpeg,/Users/meshulumort/Documents/mekor/rebuild-assets/raw2/Mekor Assests/Media-Images/Stock images_unzipped/678b35bb-3578-419e-ba84-c81cc8a8facf (Medium).jpeg,678b35bb-3578-419e-ba84-c81cc8a8facf (Medium).jpeg,.jpeg,166653,5fbf4f29639fef52afddad7215473962dcd83ef0,stock_image
Media-Images/Stock images_unzipped/68763183-d7df-403a-9ebe-cf358449c1b7 (Medium).jpeg,/Users/meshulumort/Documents/mekor/rebuild-assets/raw2/Mekor Assests/Media-Images/Stock images_unzipped/68763183-d7df-403a-9ebe-cf358449c1b7 (Medium).jpeg,68763183-d7df-403a-9ebe-cf358449c1b7 (Medium).jpeg,.jpeg,148423,7ee942d29f2d21b7ee39e94aeaa9406b025405ea,stock_image
Media-Images/Stock images_unzipped/6fc32154-d1b9-47e9-aacd-04692fe0aa6b (Medium).jpeg,/Users/meshulumort/Documents/mekor/rebuild-assets/raw2/Mekor Assests/Media-Images/Stock images_unzipped/6fc32154-d1b9-47e9-aacd-04692fe0aa6b (Medium).jpeg,6fc32154-d1b9-47e9-aacd-04692fe0aa6b (Medium).jpeg,.jpeg,159782,8ddca325da346dbcab563b9d7d151a4acdadd4e0,stock_image
Media-Images/Stock images_unzipped/7c838ce6-6309-46ca-977c-f57adb624379 (Medium).jpeg,/Users/meshulumort/Documents/mekor/rebuild-assets/raw2/Mekor Assests/Media-Images/Stock images_unzipped/7c838ce6-6309-46ca-977c-f57adb624379 (Medium).jpeg,7c838ce6-6309-46ca-977c-f57adb624379 (Medium).jpeg,.jpeg,173653,bfc339d7c03e98b579b9a883170648d94dc72cc6,stock_image
Media-Images/Stock images_unzipped/819201d4-dd1e-4935-8f8f-0e2070252137 (Medium).jpeg,/Users/meshulumort/Documents/mekor/rebuild-assets/raw2/Mekor Assests/Media-Images/Stock images_unzipped/819201d4-dd1e-4935-8f8f-0e2070252137 (Medium).jpeg,819201d4-dd1e-4935-8f8f-0e2070252137 (Medium).jpeg,.jpeg,124233,d203b19138998ec0698282c9827794f35e57bc11,stock_image
Media-Images/Stock images_unzipped/8a2c902d-1a7d-41b1-88c6-e5822bd21f8c (Medium).jpeg,/Users/meshulumort/Documents/mekor/rebuild-assets/raw2/Mekor Assests/Media-Images/Stock images_unzipped/8a2c902d-1a7d-41b1-88c6-e5822bd21f8c (Medium).jpeg,8a2c902d-1a7d-41b1-88c6-e5822bd21f8c (Medium).jpeg,.jpeg,132517,8b92c9f7b09a12e37d38f1c3e560482885b42a6f,stock_image
Media-Images/Stock images_unzipped/93079f37-e992-436a-be38-37c233ef604d (Medium).jpeg,/Users/meshulumort/Documents/mekor/rebuild-assets/raw2/Mekor Assests/Media-Images/Stock images_unzipped/93079f37-e992-436a-be38-37c233ef604d (Medium).jpeg,93079f37-e992-436a-be38-37c233ef604d (Medium).jpeg,.jpeg,201905,2a3dadbc9b2f187d7f0b4e3d431788363333be88,stock_image
Media-Images/Stock images_unzipped/aa134484-c36e-4f68-8e8f-d14d2acfc78a (Medium).jpeg,/Users/meshulumort/Documents/mekor/rebuild-assets/raw2/Mekor Assests/Media-Images/Stock images_unzipped/aa134484-c36e-4f68-8e8f-d14d2acfc78a (Medium).jpeg,aa134484-c36e-4f68-8e8f-d14d2acfc78a (Medium).jpeg,.jpeg,63304,ca6babf7ff7d97f8b0c26c77fb82468e319836c7,stock_image
Media-Images/Stock images_unzipped/aa1c0948-1dfd-4749-b079-c968f254d204.jpeg,/Users/meshulumort/Documents/mekor/rebuild-assets/raw2/Mekor Assests/Media-Images/Stock images_unzipped/aa1c0948-1dfd-4749-b079-c968f254d204.jpeg,aa1c0948-1dfd-4749-b079-c968f254d204.jpeg,.jpeg,84979,32304e8370d0cf97ecdd5870f164d1aea51b1d0d,stock_image
Media-Images/Stock images_unzipped/ad2f107f-da43-4885-a76c-b2ba49903c12.jpeg,/Users/meshulumort/Documents/mekor/rebuild-assets/raw2/Mekor Assests/Media-Images/Stock images_unzipped/ad2f107f-da43-4885-a76c-b2ba49903c12.jpeg,ad2f107f-da43-4885-a76c-b2ba49903c12.jpeg,.jpeg,161150,44a61254882be6ee33d92ba9dfcbdcf6c26e4719,stock_image
Media-Images/Stock images_unzipped/b5790770-bfb3-4df7-9128-6d25902c9776.jpeg,/Users/meshulumort/Documents/mekor/rebuild-assets/raw2/Mekor Assests/Media-Images/Stock images_unzipped/b5790770-bfb3-4df7-9128-6d25902c9776.jpeg,b5790770-bfb3-4df7-9128-6d25902c9776.jpeg,.jpeg,114777,3b99e2c694ce88bd88c38d93d68a80bfe1b2c4d6,stock_image
Media-Images/Stock images_unzipped/ceea28f0-2bf7-42f4-9af0-3936517bdf3c.jpeg,/Users/meshulumort/Documents/mekor/rebuild-assets/raw2/Mekor Assests/Media-Images/Stock images_unzipped/ceea28f0-2bf7-42f4-9af0-3936517bdf3c.jpeg,ceea28f0-2bf7-42f4-9af0-3936517bdf3c.jpeg,.jpeg,183277,b562092e8484e9d5c6e62671c670e606b2d338cc,stock_image
Media-Images/Stock images_unzipped/ee50e99b-5f02-4f68-b7c1-53154d01775a.jpeg,/Users/meshulumort/Documents/mekor/rebuild-assets/raw2/Mekor Assests/Media-Images/Stock images_unzipped/ee50e99b-5f02-4f68-b7c1-53154d01775a.jpeg,ee50e99b-5f02-4f68-b7c1-53154d01775a.jpeg,.jpeg,124639,7c9c801161b7c87285b6256a72c1c01ea9e19ef0,stock_image
Media-Images/Website images _unzipped/11062b_8135b27108d04d2a97adc750a341fb79~mv2.avif,/Users/meshulumort/Documents/mekor/rebuild-assets/raw2/Mekor Assests/Media-Images/Website images _unzipped/11062b_8135b27108d04d2a97adc750a341fb79~mv2.avif,11062b_8135b27108d04d2a97adc750a341fb79~mv2.avif,.avif,79307,fdc86ad9fe95a10612f06b2ff83666d1a6b913b8,website_image
Media-Images/Website images _unzipped/1280px-BaisMedrashInterior.jpg,/Users/meshulumort/Documents/mekor/rebuild-assets/raw2/Mekor Assests/Media-Images/Website images _unzipped/1280px-BaisMedrashInterior.jpg,1280px-BaisMedrashInterior.jpg,.jpg,213598,5a677eceb45999538abbb45ae68f1a681ea53e3d,website_image
Media-Images/Website images _unzipped/1751460869628.jpg,/Users/meshulumort/Documents/mekor/rebuild-assets/raw2/Mekor Assests/Media-Images/Website images _unzipped/1751460869628.jpg,1751460869628.jpg,.jpg,106444,7c5c2486d0160d510220585f04767730865237eb,website_image
Media-Images/Website images _unzipped/33_orig.jpg,/Users/meshulumort/Documents/mekor/rebuild-assets/raw2/Mekor Assests/Media-Images/Website images _unzipped/33_orig.jpg,33_orig.jpg,.jpg,17852,5310567b11cfae071139ac16c85b49f3fdd6ebfa,website_image
Media-Images/Website images _unzipped/34_orig.jpg,/Users/meshulumort/Documents/mekor/rebuild-assets/raw2/Mekor Assests/Media-Images/Website images _unzipped/34_orig.jpg,34_orig.jpg,.jpg,31091,21c98088617d0442a69aa114f5cf0e3ce5d833bc,website_image
Media-Images/Website images _unzipped/358739435_603589091913526_3550973734746701646_n.jpg,/Users/meshulumort/Documents/mekor/rebuild-assets/raw2/Mekor Assests/Media-Images/Website images _unzipped/358739435_603589091913526_3550973734746701646_n.jpg,358739435_603589091913526_3550973734746701646_n.jpg,.jpg,93415,b9e60b67d24329524d555a7e8ec9902b28257cd2,website_image
Media-Images/Website images _unzipped/438932459_3820687801496580_7246425563757743508_n.jpg,/Users/meshulumort/Documents/mekor/rebuild-assets/raw2/Mekor Assests/Media-Images/Website images _unzipped/438932459_3820687801496580_7246425563757743508_n.jpg,438932459_3820687801496580_7246425563757743508_n.jpg,.jpg,3742,7f79f3d32dc912fe6916a0dceca2f4ae7b5f9ee9,website_image
Media-Images/Website images _unzipped/491996659_2155008681613515_41739.jpg,/Users/meshulumort/Documents/mekor/rebuild-assets/raw2/Mekor Assests/Media-Images/Website images _unzipped/491996659_2155008681613515_41739.jpg,491996659_2155008681613515_41739.jpg,.jpg,664544,ca24a2b1709182cdfd11e3c2fc3e4d969a7191e2,website_image
Media-Images/Website images _unzipped/61DSFe1-cCL._SL1499_.jpg,/Users/meshulumort/Documents/mekor/rebuild-assets/raw2/Mekor Assests/Media-Images/Website images _unzipped/61DSFe1-cCL._SL1499_.jpg,61DSFe1-cCL._SL1499_.jpg,.jpg,107429,e7b4a4284f14c1804ee008b6f5057f734bdc4ef9,website_image
Media-Images/Website images _unzipped/6600b25c-0c91-4afa-938b-8419bf51b7fa.jpeg,/Users/meshulumort/Documents/mekor/rebuild-assets/raw2/Mekor Assests/Media-Images/Website images _unzipped/6600b25c-0c91-4afa-938b-8419bf51b7fa.jpeg,6600b25c-0c91-4afa-938b-8419bf51b7fa.jpeg,.jpeg,361799,292b2068803d3a4fc24b850c240ecd232641d080,website_image
Media-Images/Website images _unzipped/92f487_992c29615f9b402c905cc79ee0b17034~mv2.png.jpg,/Users/meshulumort/Documents/mekor/rebuild-assets/raw2/Mekor Assests/Media-Images/Website images _unzipped/92f487_992c29615f9b402c905cc79ee0b17034~mv2.png.jpg,92f487_992c29615f9b402c905cc79ee0b17034~mv2.png.jpg,.jpg,628173,74cf682443a8a63a830935eab81f00d5fb27f5db,website_image
Media-Images/Website images _unzipped/BeitMidrash.jpg,/Users/meshulumort/Documents/mekor/rebuild-assets/raw2/Mekor Assests/Media-Images/Website images _unzipped/BeitMidrash.jpg,BeitMidrash.jpg,.jpg,57174,333adda328653f5d86a790826e9d887ebaec0510,website_image
Media-Images/Website images _unzipped/Brindar siempre lo mejor de ti._edited.jpg,/Users/meshulumort/Documents/mekor/rebuild-assets/raw2/Mekor Assests/Media-Images/Website images _unzipped/Brindar siempre lo mejor de ti._edited.jpg,Brindar siempre lo mejor de ti._edited.jpg,.jpg,1389270,4db687918d67942c368f55aafcdac347f2c08d86,website_image
Media-Images/Website images _unzipped/Mekor Habracha.png,/Users/meshulumort/Documents/mekor/rebuild-assets/raw2/Mekor Assests/Media-Images/Website images _unzipped/Mekor Habracha.png,Mekor Habracha.png,.png,239031,674788cb00458ec0b0905d880a8762d4ccbe100f,website_image
Media-Images/Website images _unzipped/Mekor.jpg,/Users/meshulumort/Documents/mekor/rebuild-assets/raw2/Mekor Assests/Media-Images/Website images _unzipped/Mekor.jpg,Mekor.jpg,.jpg,5673,7dc87fd1d1e473b44a1cc2a67440e3b0a7d71d46,website_image
Media-Images/Website images _unzipped/Mekor_edited.jpg,/Users/meshulumort/Documents/mekor/rebuild-assets/raw2/Mekor Assests/Media-Images/Website images _unzipped/Mekor_edited.jpg,Mekor_edited.jpg,.jpg,3974,4beab9b669d1f7e5e0dc9cc3b6005db33b1c523c,website_image
Media-Images/Website images _unzipped/PHOTO-2025-10-24-15-03-56.jpg,/Users/meshulumort/Documents/mekor/rebuild-assets/raw2/Mekor Assests/Media-Images/Website images _unzipped/PHOTO-2025-10-24-15-03-56.jpg,PHOTO-2025-10-24-15-03-56.jpg,.jpg,382883,4df5e27637900ea3fbcb6ce2e7ff3d5640312a1c,website_image
Media-Images/Website images _unzipped/PHOTO-2025-10-24-15-03-56_edited.png,/Users/meshulumort/Documents/mekor/rebuild-assets/raw2/Mekor Assests/Media-Images/Website images _unzipped/PHOTO-2025-10-24-15-03-56_edited.png,PHOTO-2025-10-24-15-03-56_edited.png,.png,2331260,1ddb05ae23537c56983e9109e41413e889c60611,website_image
Media-Images/Website images _unzipped/Shavuot_2025.png,/Users/meshulumort/Documents/mekor/rebuild-assets/raw2/Mekor Assests/Media-Images/Website images _unzipped/Shavuot_2025.png,Shavuot_2025.png,.png,325811,7296250cae55cc9c9af25c8818b5d0d0e1006490,website_image
Media-Images/Website images _unzipped/Things to do_edited.jpg,/Users/meshulumort/Documents/mekor/rebuild-assets/raw2/Mekor Assests/Media-Images/Website images _unzipped/Things to do_edited.jpg,Things to do_edited.jpg,.jpg,8738239,e89136b1489d9a0be165122367e86f3cbeb6a40b,website_image
Media-Images/Website images _unzipped/Things to do_edited_edited.jpg,/Users/meshulumort/Documents/mekor/rebuild-assets/raw2/Mekor Assests/Media-Images/Website images _unzipped/Things to do_edited_edited.jpg,Things to do_edited_edited.jpg,.jpg,8183777,b659b434260c3234509cd34013bf8f45ee31bbff,website_image
Media-Images/Website images _unzipped/WhatsApp Image 2025-08-10 at 20.09.16 (1).jpeg,/Users/meshulumort/Documents/mekor/rebuild-assets/raw2/Mekor Assests/Media-Images/Website images _unzipped/WhatsApp Image 2025-08-10 at 20.09.16 (1).jpeg,WhatsApp Image 2025-08-10 at 20.09.16 (1).jpeg,.jpeg,470062,d7dd215e0ccab9723b701485b34fcd5e1f54664e,website_image
Media-Images/Website images _unzipped/WhatsApp Image 2025-09-18 at 09.17.54.jpeg,/Users/meshulumort/Documents/mekor/rebuild-assets/raw2/Mekor Assests/Media-Images/Website images _unzipped/WhatsApp Image 2025-09-18 at 09.17.54.jpeg,WhatsApp Image 2025-09-18 at 09.17.54.jpeg,.jpeg,350843,eb815d911fac99a81b594bc0cf876f98d45d519e,website_image
Media-Images/Website images _unzipped/Zelle_-_FinTech_News.webp,/Users/meshulumort/Documents/mekor/rebuild-assets/raw2/Mekor Assests/Media-Images/Website images _unzipped/Zelle_-_FinTech_News.webp,Zelle_-_FinTech_News.webp,.webp,7816,107971bd587b9c65610edbdfb0aeb4e030915f0a,website_image
Media-Images/Website images _unzipped/amazon-pay (1).png,/Users/meshulumort/Documents/mekor/rebuild-assets/raw2/Mekor Assests/Media-Images/Website images _unzipped/amazon-pay (1).png,amazon-pay (1).png,.png,10638,8833b0d198712427bed91156eef4e600c3e31b42,website_image
Media-Images/Website images _unzipped/apple-pay (1).png,/Users/meshulumort/Documents/mekor/rebuild-assets/raw2/Mekor Assests/Media-Images/Website images _unzipped/apple-pay (1).png,apple-pay (1).png,.png,9596,16c384097cc9650423cca3a771116f130f8b149e,website_image
Media-Images/Website images _unzipped/apple.png,/Users/meshulumort/Documents/mekor/rebuild-assets/raw2/Mekor Assests/Media-Images/Website images _unzipped/apple.png,apple.png,.png,6449,9d3e5165088b440c9d2f2fa9c8cc23b8c8cd1967,website_image
Media-Images/Website images _unzipped/credit-card (1).png,/Users/meshulumort/Documents/mekor/rebuild-assets/raw2/Mekor Assests/Media-Images/Website images _unzipped/credit-card (1).png,credit-card (1).png,.png,7169,561bc6918b381055a675f808855113dd3ef55858,website_image
Media-Images/Website images _unzipped/e-mail-global-communications-connection-social-networking-concept (Medium)_edited.jpg,/Users/meshulumort/Documents/mekor/rebuild-assets/raw2/Mekor Assests/Media-Images/Website images _unzipped/e-mail-global-communications-connection-social-networking-concept (Medium)_edited.jpg,e-mail-global-communications-connection-social-networking-concept (Medium)_edited.jpg,.jpg,199501,83268b8dc42e3877e01639aa1cb49da1cb56a1a0,website_image
Media-Images/Website images _unzipped/e6b6bb7a-28a3-4f34-90df-df5e200cff1d.jpg,/Users/meshulumort/Documents/mekor/rebuild-assets/raw2/Mekor Assests/Media-Images/Website images _unzipped/e6b6bb7a-28a3-4f34-90df-df5e200cff1d.jpg,e6b6bb7a-28a3-4f34-90df-df5e200cff1d.jpg,.jpg,269144,c9fd995a3d4248f6aec604e0c6d3b0a1896bc5cc,website_image
Media-Images/Website images _unzipped/image.png,/Users/meshulumort/Documents/mekor/rebuild-assets/raw2/Mekor Assests/Media-Images/Website images _unzipped/image.png,image.png,.png,869954,ea41e4bf4188f7fb8d65b112750c7f30c1c16ba7,website_image
Media-Images/Website images _unzipped/image1 (1).png,/Users/meshulumort/Documents/mekor/rebuild-assets/raw2/Mekor Assests/Media-Images/Website images _unzipped/image1 (1).png,image1 (1).png,.png,118771,2185286fefa434f6bb0293a7f66831bca3b4cfd6,website_image
Media-Images/Website images _unzipped/image10 (Medium).png,/Users/meshulumort/Documents/mekor/rebuild-assets/raw2/Mekor Assests/Media-Images/Website images _unzipped/image10 (Medium).png,image10 (Medium).png,.png,285212,55d13872e308eefb4af53d3dc965f465d4a3c2e2,website_image
Media-Images/Website images _unzipped/image7 (Medium).png,/Users/meshulumort/Documents/mekor/rebuild-assets/raw2/Mekor Assests/Media-Images/Website images _unzipped/image7 (Medium).png,image7 (Medium).png,.png,198999,489c6f01c2273b3a5b610bea9c920c1cf018fc96,website_image
Media-Images/Website images _unzipped/image8 (Medium).png,/Users/meshulumort/Documents/mekor/rebuild-assets/raw2/Mekor Assests/Media-Images/Website images _unzipped/image8 (Medium).png,image8 (Medium).png,.png,204061,f39e87512961171dc0d12d068e3feda9a33eeedb,website_image
Media-Images/Website images _unzipped/image8.png,/Users/meshulumort/Documents/mekor/rebuild-assets/raw2/Mekor Assests/Media-Images/Website images _unzipped/image8.png,image8.png,.png,1386902,8deb9761927a64dae3d44dccf936e71fd9262272,website_image
Media-Images/Website images _unzipped/image9 (Medium).png,/Users/meshulumort/Documents/mekor/rebuild-assets/raw2/Mekor Assests/Media-Images/Website images _unzipped/image9 (Medium).png,image9 (Medium).png,.png,421727,3eb8d9a2cb0e57dde027f9ed852c8c7a4ae63cde,website_image
Media-Images/Website images _unzipped/steptodown.com669495.jpg,/Users/meshulumort/Documents/mekor/rebuild-assets/raw2/Mekor Assests/Media-Images/Website images _unzipped/steptodown.com669495.jpg,steptodown.com669495.jpg,.jpg,124908,7343dba53194c54ab396a1192431823a7566d1b9,website_image
Media-Images/Website images _unzipped/steptodown.com822708.jpg,/Users/meshulumort/Documents/mekor/rebuild-assets/raw2/Mekor Assests/Media-Images/Website images _unzipped/steptodown.com822708.jpg,steptodown.com822708.jpg,.jpg,55038,713848f404386951169505c9daf25670153e7b42,website_image
Media-Images/Website images _unzipped/steptodown.com838809.jpg,/Users/meshulumort/Documents/mekor/rebuild-assets/raw2/Mekor Assests/Media-Images/Website images _unzipped/steptodown.com838809.jpg,steptodown.com838809.jpg,.jpg,197689,cc79400804ebf73cc2794c20b187245758585ed0,website_image
Media-Images/Website images _unzipped/tiktok.png,/Users/meshulumort/Documents/mekor/rebuild-assets/raw2/Mekor Assests/Media-Images/Website images _unzipped/tiktok.png,tiktok.png,.png,14180,7a11e6518c1127ec17d8bf036f1dab3466f99621,website_image
Media-Images/Website images _unzipped/top-view-person-writing-laptop-with-copy-space (Medium).jpg,/Users/meshulumort/Documents/mekor/rebuild-assets/raw2/Mekor Assests/Media-Images/Website images _unzipped/top-view-person-writing-laptop-with-copy-space (Medium).jpg,top-view-person-writing-laptop-with-copy-space (Medium).jpg,.jpg,89088,c3addaad6fd6972e5375d9a0a65498355c9724e0,website_image
Media-Images/Website images _unzipped/top-view-person-writing-laptop-with-copy-space (Medium)_edited.jpg,/Users/meshulumort/Documents/mekor/rebuild-assets/raw2/Mekor Assests/Media-Images/Website images _unzipped/top-view-person-writing-laptop-with-copy-space (Medium)_edited.jpg,top-view-person-writing-laptop-with-copy-space (Medium)_edited.jpg,.jpg,208814,0a9be858b1e298d3b7a1b327c4fc0225361917c6,website_image
Media-Images/Website images _unzipped/unnamed (1).jpg,/Users/meshulumort/Documents/mekor/rebuild-assets/raw2/Mekor Assests/Media-Images/Website images _unzipped/unnamed (1).jpg,unnamed (1).jpg,.jpg,100157,04cbecdf27f6ce459f14146b1d32cd934a25be59,website_image
Media-Images/Website images _unzipped/unnamed (5).jpg,/Users/meshulumort/Documents/mekor/rebuild-assets/raw2/Mekor Assests/Media-Images/Website images _unzipped/unnamed (5).jpg,unnamed (5).jpg,.jpg,47042,f2a928af72e47dec90c964d967503784efcbdf7a,website_image
Media-Images/Website images _unzipped/unnamed.jpg,/Users/meshulumort/Documents/mekor/rebuild-assets/raw2/Mekor Assests/Media-Images/Website images _unzipped/unnamed.jpg,unnamed.jpg,.jpg,97212,f9974909f8b3db9d14c92c7218e38b8dc4021486,website_image
Media-Images/Website images _unzipped/woman wears black tank top_edited.jpg,/Users/meshulumort/Documents/mekor/rebuild-assets/raw2/Mekor Assests/Media-Images/Website images _unzipped/woman wears black tank top_edited.jpg,woman wears black tank top_edited.jpg,.jpg,3554075,bac2129b6ff24c3290767f1dd9ce45ec93c6e8d4,website_image
Media-Images/Website images _unzipped/woman wears black tank top_edited_edited.jpg,/Users/meshulumort/Documents/mekor/rebuild-assets/raw2/Mekor Assests/Media-Images/Website images _unzipped/woman wears black tank top_edited_edited.jpg,woman wears black tank top_edited_edited.jpg,.jpg,3086599,03467008491b4b2dc2dd342be7a305cc50b92070,website_image
Media-Images/Website images _unzipped/young-man-studying-library-using-his-laptop (Medium).jpg,/Users/meshulumort/Documents/mekor/rebuild-assets/raw2/Mekor Assests/Media-Images/Website images _unzipped/young-man-studying-library-using-his-laptop (Medium).jpg,young-man-studying-library-using-his-laptop (Medium).jpg,.jpg,180653,c078d5dd5475ab968d42cdc6c7fc1e43c1e3ee57,website_image
